{
    "Changes": [
        {
            "LogName": "Edit Strings/Locations",
            "Action": "EditData",
            "Target": "Strings/Locations",
            "Entries": {
                "BeachNightMarket_Closed": "Opens at 17:00.",
                "BeachNightMarket_GiftGiverClosed": "Merchant: The night market starts at 17:00... visit me then for a free cup of coffee! ",
                "BeachNightMarket_PainterQuestion": "Famous Painter Lupini: I'm selling this painting for 1,200g. What do you say?",
                "Beach_Mariner_PlayerBuyItem_AnswerYes": "Buy (5,000g)",
                "Theater_MovieEnd": "The film has concluded for tonight. We hope you enjoyed the show!",
                "Theater_MovieEndReEntry": "The film has concluded.",
                "HaleyHouse_DyePot": "An array of brightly coloured dyes.",
                "Farm_GrandpaNote": "{0}-\n\nWait for my return on the dawn of your third year.\n\n- {{GrandparentName}}",
                "IslandSecret_Event_BirdieIntro": "tropical_island_day_ambient/-1000 -1000/farmer 20 58 3/skippable/addTemporaryActor Birdie 32 32 17 58 3 true ???/animate Birdie false true 1000 8 9/pause 1000/viewport 18 58 clamp true/pause 1000/emote Birdie 8/pause 1000/speak Birdie \"Oh... a visitor?#$b#Come closer, child.\"/pause 400/move farmer -1 0 3/pause 300/emote Birdie 40/speak Birdie \"I haven't had a visitor in many moons...$s#$b#I almost forgot what other people looked like!\"/pause 1000/speak Birdie \"Well, I suppose now that you're here, I may as well ask you for a favour.\"/pause 500/textAboveHead Birdie \"Come...\"/pause 500/playFramesAhead 3/stopAnimation Birdie/extendSourceRect Birdie reset/warp Birdie 18 58/viewport move 1 0 2000/move Birdie 0 -1 2/move Birdie 2 0 1/move farmer 1 0 1/pause 500/speak Birdie \"Have you seen that wrecked ship on the south shore?#$b# My husband was the captain. A pirate, he was.#$b#He set sail one day, never to return. Took me three years sailing the high seas to find his remains.$s\"/emote Birdie 28/speak Birdie \"*sigh*...$s#$b#I've been here ever since, dear.$s#$b#...Guarding his bones...\"/faceDirection farmer 2 true/playSound batScreech/animate farmer false true 100 94/jump farmer/pause 1500/stopAnimation farmer/faceDirection farmer 0/faceDirection Birdie 2/speak Birdie \"My child... If I could only find a keepsake of his, it would bring me such peace.$s\"/pause 400/textAboveHead Birdie \"Wait here...\"/move Birdie -1 0 0/move Birdie 0 -1 3/warp Birdie -100 -100/playSound doorClose/faceDirection farmer 0/faceDirection Birdie 2/pause 1000/playSound Ship/pause 1000/playSound Ship/playSound crafting/pause 1000/playSound doorClose/warp Birdie 20 56/move Birdie 0 1 2/speak Birdie \"Here, take this. It's an old photograph that washed up on shore.#$b#It's all I have to offer... but somehow, I think it will help you find what I seek.\"/pause 500/unskippable/playSound coin/awardFestivalPrize memento true/pause 10/addQuest 130/pause 1700/end",
                "IslandSecret_Event_BirdieFinished": "tropical_island_day_ambient/-1000 -1000/farmer 20 58 3/removeQuest 130/skippable/addTemporaryActor Birdie 32 32 17 58 3 true ???/animate Birdie false true 1000 8 9/pause 1000/viewport 18 58 clamp true/pause 2300/playMusic none/animate farmer true true 100 35/addObject 19 58 870/playSound sandyStep/pause 800/stopAnimation farmer/playFramesAhead 3/stopAnimation Birdie/extendSourceRect Birdie reset/warp Birdie 18 58/move Birdie 0 -1 2/move Birdie 1 0 2/pause 500/jump Birdie/pause 500/playMusic desolate/speak Birdie \"It's his...$s\"/emote Birdie 20/pause 1200/playSound coin/removeObject 19 58/showFrame Birdie 20/pause 2500/speak Birdie \"Heh... It still has his smell, after all these years...#$b#...that familiar, putrid funk...$h\"/pause 300/faceDirection farmer 2 true/playSound croak/animate farmer false false 350 104 105 104 105 104 105/pause 1000/faceDirection farmer 3/speak Birdie \"You know... It's been a lonely life here, child... but I don't regret it at all.#$b#I'm doin' right by my old man... and we'll be together again some day soon... hehe\"/pause 500/stopAnimation Birdie/move Birdie 0 1 3/playMusic tropical_island_day_ambient/faceDirection Birdie 1/quickQuestion #It's an honourable thing to do.#He's gone. You should live your life.(break)speak Birdie \"You have great wisdom, child.#$b#And you've brought me great peace... this locket will comfort me for the rest of my days.$h\"(break)emote Birdie 28\\speak Birdie \"An old woman like me? I think it's too late, dear...$s#$b#Besides... I like it here! It's relaxing and beautiful. And I have an endless supply of fresh fish, oysters, and monkey meat. Hehehe.$h#$b#...I'm kidding about the monkey meat.\"/pause 1000/speak Birdie \"Now... how can I repay you for this?\"/jump Birdie/pause 500/speak Birdie \"Oh... How about I teach you a special recipe... Something I discovered in the many years I've spent here.\"/pause 1000/playSound reward/addCraftingRecipe Fairy Dust/message \"Learnt to craft 'Fairy Dust'.\"/pause 1000/fork gotBirdieReward Strings\\\\Locations:alreadyGotNuts true/speak Birdie \"You can take these, too...\"/awardFestivalPrize birdieReward true/pause 1000/speak Birdie \"Though you're a stranger, you went out of your way to help an old lady.#$b#Bless your heart!$h\"/emote Birdie 20/emote farmer 32/pause 1000/end",
                "FieldOfficeFinale": "distantBanjo/-1000 -1000/farmer 4 8 0/addCraftingRecipe Ostrich Incubator/addMailReceived fieldOfficeFinale/skippable/addTemporaryActor SafariGuy 16 32 3 8 0 true character/translateName SafariGuy Strings\\NPCNames:ProfessorSnail/pause 1000/viewport 4 6 true/pause 4000/speak SafariGuy \"Wow...#$b#Look how far we've come!$h\"/faceDirection SafariGuy 1/speak SafariGuy \"The collection looks fantastic, and it's all thanks to you, @.\"/emote farmer 32/speak SafariGuy \"Here, as a way of saying 'thanks', I want to teach you something.\"/faceDirection farmer 3/pause 700/playSound reward/message \"Learnt how to craft 'Ostrich Incubator'\"/pause 400/speak SafariGuy \"This device will allow you to raise ostriches back home. Just place the incubator in a barn, place an ostrich egg inside, and wait...\"/faceDirection SafariGuy 0/speak SafariGuy \"Getting your hands on an ostrich egg is a different story, though... I'll leave that up to you!\"/pause 400/faceDirection farmer 0/pause 500/speak SafariGuy \"Heh... Well... now the real work begins.#$b#I'll be studying these bones for years to come!\"/faceDirection SafariGuy 1/faceDirection farmer 3/speak SafariGuy \"Farewell, @!\"/pause 600/end",
                "Town_SeedShopSign": "- {{PierreShopName}} -\nNow open 7 days a week From 09:00 - 17:00!",
                "SamHouse_Sam_Trash": "Looks like Sam cleans his bin regularly.",
            }
        }
    ]
}