{
    "Changes": [
        {
            "LogName": "Edit Strings/StringsFromCSFiles spellings",
            "Action": "EditData",
            "Target": "Strings/StringsFromCSFiles",
            "Entries": {
                "Buff.cs.501": " Defence",
                "Event.cs.1159": "Received 1,000g ",
                "Event.cs.1164": "Received 2,000g ",
                "Event.cs.1258": "I finished writing my book, and it ended up being a romance novel! ...You told me once that you enjoyed the genre, and, well, I've also been able to draw some inspiration from real life experiences lately. $l#$b#Here it is, '%book'. It's about a train stewardess who falls in love with a travelling architect... but he's secretly engaged to the ticket collector's daughter!#$b#I *almost* feel like I should split the profits with you, considering how much help you gave me!$h",
                "Event.cs.1308": "You've done well, my boy.^You've done well, my dear.#$b#%farm Farm has never looked better. It's an honour to the family name.#$b#{{GrandparentName}} is pleased.#$b#I must return to the other world, now... but feel free to call on me again when you're ready.",
                "Event.cs.1309": "I'm so proud of you, my boy!^I'm so proud of you, my dear!#$b#You've really turned the place around since we last spoke!#$b#You're a better farmer than I ever was, and you've brought great honer to the family name.#$b#I can feel it now... My spirit is finally put to rest. Bless you.",
                "Event.cs.1317": "You've done well, my boy.^You've done well, my dear.#$b#%farm Farm has never looked better. It's an honour to the family name.#$b#{{GrandparentName}} is pleased.",
                "Event.cs.1318": "I'm so proud of you, my boy!^I'm so proud of you, my dear!#$b#You're a better farmer than I ever was, and you've brought great honour to the family name.#$b#I can feel it now... My spirit is finally put to rest. Bless you.",
                "Event.cs.1652": "Step right up! Pick a colour and place your bet for a chance to double your wager!",
                "Event.cs.1723": "Congratulations! You won 1st place with a rating of {0}!#$b#Your prize is 1,000 star tokens! Spend them wisely.$h#$b#Oh, and don't forget to clean out your grange display box.",
                "Event.cs.1810": "Ahh... I see you in the saloon, surrounded by friends. It doesn't seem like you have any favourites... you're popular with everyone!",
                "Event.cs.1847": "The crystal ball has moved on... I see you somewhere dark... but there you are, inspecting a marvellous gemstone! It's glittering in the light of a small lantern.",
                "NPC.cs.4109": " It's his favourite.",
                "NPC.cs.4111": " It's her favourite.",
                "Options.cs.4560": "Full-screen",
                "Utility.cs.5367": "When @ first arrived in Pelican Town, no one knew if he'd fit in with our community...#$b#But from this day forward, @ is going to be as much a part of this town as any of us!$h#$b#It is my great honour on this day {0} of {1}, to unite @ and %spouse in the bonds of marriage.",
                "Utility.cs.5369": "When @ first arrived in Pelican Town, no one knew if she'd fit in with our community...#$b#But from this day forward, @ is going to be as much a part of this town as any of us!$h#$b#It is my great honour on this day {0} of {1}, to unite @ and %spouse in the bonds of marriage.",
                "Utility.cs.5746": "Autumn (The Smell Of Mushroom)",
                "Utility.cs.5748": "Autumn (Ghost Synth)",
                "Utility.cs.5750": "Autumn (Raven's Descent)",
                "Utility.cs.5682": "Autumn",
                "Utility.cs.5762": "{{GrandparentName}}'s Theme",
                "fall": "autumn",
                "GameLocation.cs.8429": "You don't have any post.",
                "MapPage.cs.11069": "Open 09:00 to 16:00 most days",
                "MapPage.cs.11077": "Open 09:00 to 15:00",
                "MapPage.cs.11078": "{{PierreShopName}}",
                "MapPage.cs.11080": "Open 09:00 to 17:00 (Closed Wednesday)",
                "MapPage.cs.11080_ExtendedHours": "Open 09:00 to 17:00",
                "MapPage.cs.11082": "Open 09:00 to 16:00",
                "MapPage.cs.11084": "Open 12:00 To 00:00",
                "MapPage.cs.11087": "Open 08:00 to 18:00",
                "MapPage.cs.11096": "Shop open 09:00 to 17:00 most days",
                "MapPage.cs.11100": "Open 14:00 to 22:00",
                "MovieTheater_Map": "Cinema",
                "MovieTheater_Hours": "(Open 09:00 to 21:00)",
                "MapPage.cs.11106": "Open 09:00 to 23:00",
                "MapPage.cs.11108": "Open 09:00 to17:00",
                "MapPage.cs.11117": "Community Centre",
                "Object.cs.12739": "{0} Jam",
                "ShopMenu.cs.blueboat": "I specialise in outdoor decorations. Does anything catch your eye?",
                "ShopMenu.cs.11504": "Beautiful country you have here. One of my favourite stops. The pig likes it, too.",
                "SkillsPage.cs.11587": "Dwarfish Translation Guide",
                "StrengthGame.cs.11687": "Papier Mâché",
                "StrengthGame.cs.11696": "Prawn",
                "TitleMenu.cs.11724": "The travelling merchant visits Stardew Valley twice a week. She sells a wide variety of goods, often at exorbitant prices!",
                "TitleMenu.cs.11733": "You've started the game 1,000 times!",
                "CalicoJack.cs.11951": "Stand-off",
                "GrandpaStory.cs.12051": "Dear {0},^^If you're reading this, you must be in dire need of a change.^^The same thing happened to me, long ago. I'd lost sight of what mattered most in life... real connections with other people and nature. So I dropped everything and moved to the place I truly belong.^^^I've enclosed the deed to that place... my pride and joy: {1} Farm. It's located in Stardew Valley, on the southern coast. It's the perfect place to start your new life.^^This was my most precious gift of all, and now it's yours. I know you'll honour the family name, my boy. Good luck.^^Love, {{GrandparentName}}^^P.S. If Lewis is still alive say hi to the old guy for me, will ya?",
                "GrandpaStory.cs.12055": "Dear {0},^^If you're reading this, you must be in dire need of a change.^^The same thing happened to me, long ago. I'd lost sight of what mattered most in life... real connections with other people and nature. So I dropped everything and moved to the place I truly belong.^^^I've enclosed the deed to that place... my pride and joy: {1} Farm. It's located in Stardew Valley, on the southern coast. It's the perfect place to start your new life.^^This was my most precious gift of all, and now it's yours. I know you'll honour the family name, my dear. Good luck.^^Love, {{GrandparentName}}^^P.S. If Lewis is still alive say hi to the old guy for me, will ya?",
                "Object.cs.12849": "Artefact",
                "Object.cs.12856": "Fertiliser",
                "Object.cs.12860": "Rubbish",
                "Object.cs.12993": "You found an artefact! The curator of the local museum might want to know about this.",
                "Object.cs.12996": "You found a peculiar statue behind {{GrandparentName}}'s Shrine.",
                "TV.cs.13199": "The spirits are in good humour today. I think you'll have a little extra luck.",
                "FishingQuest.cs.13235": "overfishing of their competitor species allowed them complete access to their favourite food.",
                "FishingQuest.cs.13243": "{0}/{1} Octopuses caught",
                "FishingQuest.cs.13264": "n encyclopaedia set!",
                "ItemDeliveryQuest.cs.13346": "enjoy while listening to my favourite radio program",
                "ItemDeliveryQuest.cs.13427": "skewer on a kebab",
                "ItemDeliveryQuest.cs.13462": "Hi! I need {0} for a new appetiser I'm thinking about. Drop one off at the saloon and I'll be very grateful.     -Gus",
                "ItemDeliveryQuest.cs.13473": "Hello, it's Emily. I'd like to buy {0} from someone, to craft into some fine jewellery. Thanks!",
                "SlayMonsterQuest.cs.13744": "Those slimes can be pretty dangerous in groups.#$b#It should be a little easier to go caving now, thanks to your efforts. Enjoy your reward!",
                "HoeDirt.cs.13916-2": "This spot is already fertilised",
                "TreeFertilizer2": "Already Fertilised",
                "FishingRod.cs.14047": "Fibreglass Rod",
                "MeleeWeapon.cs.14140": "+{0} Defence",
                "Wand.cs.14318": "Return Sceptre",
                "Wand.cs.14319": "The golden handle quivers with raw potential. Hold this sceptre to the sky and return home at will.",
                "BrowserFavorites": "BrowserFavourites",
                "TrashCan": "Recycle Bin",
                "TrashCan_Description": "When binning an item, you reclaim {0}% of the value.",
                "ItemRecovery_Engaged_Stack": "Alright, I'll see if I can find your lost {0} tonight. I'll drop them off in your postbox tomorrow morning.",
                "Krobus_AfterWedding": "Good morning, @... I sneaked in during the night.$l#$b#It'll take me a while to get used to this new life... This is very different from the sewers...",
                "MovieTheaterBoxOffice": "Get your cinema tickets right here! Give one to a friend to invite them to the film!",
                "movietheater": "Cinema",
                "movietheaterafter": "Cinema (Closing Time)",
                "DesertTrader1": "Welcome, traveller... interested in making a trade?",
                "VolcanoShop4": "This mountain was the home of my ancestors. Now we live in the ruins of their great civilisation.",
                "JukeboxRandomTrack": "Randomise",
                "MapPage.cs.11108_newHours": "Open 08:00 to 17:00"

            }
        },
        {
            "LogName": "Edit Strings/StringsFromCSFiles spellings (12-hour specific)",
            "Action": "EditData",
            "Target": "Strings/StringsFromCSFiles",
            "Entries": {
                "MapPage.cs.11069": "Open 9am to 4pm most days",
                "MapPage.cs.11077": "Open 9am to 3pm",
                "MapPage.cs.11078": "{{PierreShopName}}",
                "MapPage.cs.11080": "Open 9am to 5pm (Closed Wednesday)",
                "MapPage.cs.11080_ExtendedHours": "Open 9am to 5pm",
                "MapPage.cs.11082": "Open 9am to 4pm",
                "MapPage.cs.11084": "Open 12pm To 12am",
                "MapPage.cs.11087": "Open 8am to 6pm",
                "MapPage.cs.11096": "Shop open 9am to 5pm most days",
                "MapPage.cs.11100": "Open 2pm to 10pm",
                "MovieTheater_Map": "Cinema",
                "MovieTheater_Hours": "(Open 9am to 9pm)",
                "MapPage.cs.11106": "Open 9am to 11pm",
                "MapPage.cs.11108": "Open 9am to5pm",
                "MapPage.cs.11108_newHours": "Open 8am to 5pm"
            },
            "When": {
                "UseTwentyFourHourClock": false
            }
        }
    ]
}