{
    "Format": "2.0.0",
    "ConfigSchema": {
        "UseTwentyFourHourClock": {
            "AllowValues": "true,false",
            "Default": "true",
            "Section": "Interface"
        },
        "GrandparentName": {
            "AllowValues": "Grandpa, Grandad, Grandfather",
            "Default": "Grandpa",
            "Section": "Names & Places"
        },
        "PierreShopName": {
            "AllowValues": "Pierre's Seed Shop, Pierre's Village Shop, Pierre's Corner Shop, Pierre's General Shop, Pierre's Shop, Pierre's General Store, Pierre's Store",
            "Default": "Pierre's General Store",
            "Section": "Names & Places"
        }
     },
    "Changes": [
        // define language
        {
            "Action": "EditData",
            "Target": "Data/AdditionalLanguages",
            "Entries": {
                "Bloodninja.BritishEnglishMod": { // for technical reasons, you need to specify the ID here *and* in the "ID" field
                    "ID": "Bloodninja.BritishEnglishMod",
                    "LanguageCode": "en-GB",
                    "ButtonTexture": "Mods/Bloodninja.BritishEnglishMod/Button",
                    "UseLatinFont": true,
                    "TimeFormat": "[HOURS_24_00]:[MINUTES]",
                    "ClockTimeFormat": "[HOURS_24_00]:[MINUTES]",
                    "ClockDateFormat": "[DAY_OF_WEEK] [DAY_OF_MONTH]"
                }
            }
        },
        {
            "Action": "EditData",
            "Target": "Data/AdditionalLanguages",
            "Fields": {
                "Bloodninja.BritishEnglishMod": {
                    "TimeFormat": "[HOURS_12]:[MINUTES][AM_PM]",
                    "ClockTimeFormat": "[HOURS_12]:[MINUTES][AM_PM]"
                }
            },
            "When": {
                "UseTwentyFourHourClock": false
            }
        },
         // load button texture
         {
            "Action": "Load",
            "Target": "Mods/Bloodninja.BritishEnglishMod/Button",
            "FromFile": "assets/Button.en-GB.png"
        },
        {
            "Action": "EditImage",
            "Target": "LooseSprites/LanguageButtons",
            "FromFile": "assets/LooseSprites/english-us.png",
            "FromArea": {
                "X": 0,
                "Y": 0,
                "Width": 174,
                "Height": 78
            },
            "ToArea": {
                "X": 0,
                "Y": 0,
                "Width": 174,
                "Height": 78
            }
        },
        {
            "LogName": "Replace LooseSprites/Cursors with localised version",
            "Action": "EditImage",
            "Target": "LooseSprites/Cursors",
            "FromFile": "assets/LooseSprites/cursors-autumn.png",
            "FromArea": {
                "X": 0,
                "Y": 0,
                "Width": 32,
                "Height": 9
            },
            "ToArea": {
                "X": 188,
                "Y": 447,
                "Width": 32,
                "Height": 9
            },
            "When": {
                "HasFile: {{FromFile}}": true
            }
        },
        
        {
            "Action": "Include",
            "FromFile": "assets/Data/Blueprints.en-GB.json",
            "When": {
                "Language": "en-GB"
            }
        },
        {
            "Action": "Include",
            "FromFile": "assets/Data/Boots.en-GB.json",
            "When": {
                "Language": "en-GB"
            }
        },
        {
            "Action": "Include",
            "FromFile": "assets/Data/Bundles.en-GB.json",
            "When": {
                "Language": "en-GB"
            }
        },
        {
            "Action": "Include",
            "FromFile": "assets/Data/ClothingInformation.en-GB.json",
            "When": {
                "Language": "en-GB"
            }
        },
        {
            "Action": "Include",
            "FromFile": "assets/Data/Concessions.en-GB.json",
            "When": {
                "Language": "en-GB"
            }
        },
        {
            "Action": "Include",
            "FromFile": "assets/Data/CraftingRecipes.en-GB.json",
            "When": {
                "Language": "en-GB"
            }
        },
        {
            "Action": "Include",
            "FromFile": "assets/Data/ExtraDialogue.en-GB.json",
            "When": {
                "Language": "en-GB"
            }
        },
        {
            "Action": "Include",
            "FromFile": "assets/Data/Fish.en-GB.json",
            "When": {
                "Language": "en-GB"
            }
        },
        {
            "Action": "Include",
            "FromFile": "assets/Data/Monsters.en-GB.json",
            "When": {
                "Language": "en-GB"
            }
        },
        {
            "Action": "Include",
            "FromFile": "assets/Data/NPCGiftTastes.en-GB.json",
            "When": {
                "Language": "en-GB"
            }
        },
        {
            "Action": "Include",
            "FromFile": "assets/Data/Quests.en-GB.json",
            "When": {
                "Language": "en-GB"
            }
        },
        {
            "Action": "Include",
            "FromFile": "assets/Data/RandomBundles.en-GB.json",
            "When": {
                "Language": "en-GB"
            }
        },
        {
            "Action": "Include",
            "FromFile": "assets/Data/SecretNotes.en-GB.json",
            "When": {
                "Language": "en-GB"
            }
        },
        {
            "Action": "Include",
            "FromFile": "assets/Data/Hats.en-GB.json",
            "When": {
                "Language": "en-GB"
            }
        },
        {
            "Action": "Include",
            "FromFile": "assets/Data/Mail.en-GB.json",
            "When": {
                "Language": "en-GB"
            }
        },
        // Data/Events
        {
            "Action": "Include",
            "FromFile": "assets/Data/Events/AnimalShop.en-GB.json",
            "When": {
                "Language": "en-GB"
            }
        },
        {
            "Action": "Include",
            "FromFile": "assets/Data/Events/ArchaeologyHouse.en-GB.json",
            "When": {
                "Language": "en-GB"
            }
        },
        {
            "Action": "Include",
            "FromFile": "assets/Data/Events/Beach.en-GB.json",
            "When": {
                "Language": "en-GB"
            }
        },
        {
            "Action": "Include",
            "FromFile": "assets/Data/Events/Farm.en-GB.json",
            "When": {
                "Language": "en-GB"
            }
        },
        {
            "Action": "Include",
            "FromFile": "assets/Data/Events/FarmHouse.en-GB.json",
            "When": {
                "Language": "en-GB"
            }
        },
        {
            "Action": "Include",
            "FromFile": "assets/Data/Events/FishShop.en-GB.json",
            "When": {
                "Language": "en-GB"
            }
        },
        {
            "Action": "Include",
            "FromFile": "assets/Data/Events/Forest.en-GB.json",
            "When": {
                "Language": "en-GB"
            }
        },
        {
            "Action": "Include",
            "FromFile": "assets/Data/Events/HaleyHouse.en-GB.json",
            "When": {
                "Language": "en-GB"
            }
        },
        {
            "Action": "Include",
            "FromFile": "assets/Data/Events/HarveyRoom.en-GB.json",
            "When": {
                "Language": "en-GB"
            }
        },
        {
            "Action": "Include",
            "FromFile": "assets/Data/Events/Hospital.en-GB.json",
            "When": {
                "Language": "en-GB"
            }
        },
        {
            "Action": "Include",
            "FromFile": "assets/Data/Events/IslandNorth.en-GB.json",
            "When": {
                "Language": "en-GB"
            }
        },
        {
            "Action": "Include",
            "FromFile": "assets/Data/Events/JoshHouse.en-GB.json",
            "When": {
                "Language": "en-GB"
            }
        },
        {
            "Action": "Include",
            "FromFile": "assets/Data/Events/LeahHouse.en-GB.json",
            "When": {
                "Language": "en-GB"
            }
        },
        {
            "Action": "Include",
            "FromFile": "assets/Data/Events/Mine.en-GB.json",
            "When": {
                "Language": "en-GB"
            }
        },
        {
            "Action": "Include",
            "FromFile": "assets/Data/Events/Mountain.en-GB.json",
            "When": {
                "Language": "en-GB"
            }
        },
        {
            "Action": "Include",
            "FromFile": "assets/Data/Events/Railroad.en-GB.json",
            "When": {
                "Language": "en-GB"
            }
        },
        {
            "Action": "Include",
            "FromFile": "assets/Data/Events/Saloon.en-GB.json",
            "When": {
                "Language": "en-GB"
            }
        },
        {
            "Action": "Include",
            "FromFile": "assets/Data/Events/SamHouse.en-GB.json",
            "When": {
                "Language": "en-GB"
            }
        },
        {
            "Action": "Include",
            "FromFile": "assets/Data/Events/ScienceHouse.en-GB.json",
            "When": {
                "Language": "en-GB"
            }
        },

        {
            "Action": "Include",
            "FromFile": "assets/Data/Events/SeedShop.en-GB.json",
            "When": {
                "Language": "en-GB"
            }
        },
        {
            "Action": "Include",
            "FromFile": "assets/Data/Events/Sewer.en-GB.json",
            "When": {
                "Language": "en-GB"
            }
        },
        {
            "Action": "Include",
            "FromFile": "assets/Data/Events/Sunroom.en-GB.json",
            "When": {
                "Language": "en-GB"
            }
        },
        {
            "Action": "Include",
            "FromFile": "assets/Data/Events/Town.en-GB.json",
            "When": {
                "Language": "en-GB"
            }
        },
        {
            "Action": "Include",
            "FromFile": "assets/Data/Events/Trailer.en-GB.json",
            "When": {
                "Language": "en-GB"
            }
        },
        {
            "Action": "Include",
            "FromFile": "assets/Data/Events/WizardHouse.en-GB.json",
            "When": {
                "Language": "en-GB"
            }
        },
        {
            "Action": "Include",
            "FromFile": "assets/Data/Events/Woods.en-GB.json",
            "When": {
                "Language": "en-GB"
            }
        },
        // Strings
        {
            "Action": "Include",
            "FromFile": "assets/Strings/BigCraftables.en-GB.json",
            "When": {
                "Language": "en-GB"
            }
        },
        {
            "Action": "Include",
            "FromFile": "assets/Strings/Buildings.en-GB.json",
            "When": {
                "Language": "en-GB"
            }
        },
        {
            "Action": "Include",
            "FromFile": "assets/Strings/Characters.en-GB.json",
            "When": {
                "Language": "en-GB"
            }
        },
        {
            "Action": "Include",
            "FromFile": "assets/Strings/Furniture.en-GB.json",
            "When": {
                "Language": "en-GB"
            }
        },
        {
            "Action": "Include",
            "FromFile": "assets/Strings/Lexicon.en-GB.json",
            "When": {
                "Language": "en-GB"
            }
        },
        {
            "Action": "Include",
            "FromFile": "assets/Strings/Locations.en-GB.json",
            "When": {
                "Language": "en-GB"
            }
        },
        {
            "Action": "Include",
            "FromFile": "assets/Strings/MovieConcessions.en-GB.json",
            "When": {
                "Language": "en-GB"
            }
        },
        {
            "Action": "Include",
            "FromFile": "assets/Strings/Movies.en-GB.json",
            "When": {
                "Language": "en-GB"
            }
        },
        {
            "Action": "Include",
            "FromFile": "assets/Strings/Notes.en-GB.json",
            "When": {
                "Language": "en-GB"
            }
        },
        {
            "Action": "Include",
            "FromFile": "assets/Strings/Objects.en-GB.json",
            "When": {
                "Language": "en-GB"
            }
        },
        {
            "Action": "Include",
            "FromFile": "assets/Strings/Pants.en-GB.json",
            "When": {
                "Language": "en-GB"
            }
        },
        {
            "Action": "Include",
            "FromFile": "assets/Strings/Shirts.en-GB.json",
            "When": {
                "Language": "en-GB"
            }
        },
        {
            "Action": "Include",
            "FromFile": "assets/Strings/SpecialOrderStrings.en-GB.json",
            "When": {
                "Language": "en-GB"
            }
        },
        {
            "Action": "Include",
            "FromFile": "assets/Strings/StringsFromCSFiles.en-GB.json",
            "When": {
                "Language": "en-GB"
            }
        },
        {
            "Action": "Include",
            "FromFile": "assets/Strings/StringsFromMaps.en-GB.json",
            "When": {
                "Language": "en-GB"
            }
        },
        {
            "Action": "Include",
            "FromFile": "assets/Strings/UI.en-GB.json",
            "When": {
                "Language": "en-GB"
            }
        },
        {
            "Action": "Include",
            "FromFile": "assets/Strings/Weapons.en-GB.json",
            "When": {
                "Language": "en-GB"
            }
        },
        // Strings/schedules
        {
            "Action": "Include",
            "FromFile": "assets/Strings/schedules/Abigail.en-GB.json",
            "When": {
                "Language": "en-GB"
            }
        },
        {
            "Action": "Include",
            "FromFile": "assets/Strings/schedules/Alex.en-GB.json",
            "When": {
                "Language": "en-GB"
            }
        },
        {
            "Action": "Include",
            "FromFile": "assets/Strings/schedules/Elliot.en-GB.json",
            "When": {
                "Language": "en-GB"
            }
        },
        {
            "Action": "Include",
            "FromFile": "assets/Strings/schedules/Emily.en-GB.json",
            "When": {
                "Language": "en-GB"
            }
        },
        {
            "Action": "Include",
            "FromFile": "assets/Strings/schedules/Lewis.en-GB.json",
            "When": {
                "Language": "en-GB"
            }
        },
        {
            "Action": "Include",
            "FromFile": "assets/Strings/schedules/Linus.en-GB.json",
            "When": {
                "Language": "en-GB"
            }
        },
        {
            "Action": "Include",
            "FromFile": "assets/Strings/schedules/Maru.en-GB.json",
            "When": {
                "Language": "en-GB"
            }
        },
        {
            "Action": "Include",
            "FromFile": "assets/Strings/schedules/Robin.en-GB.json",
            "When": {
                "Language": "en-GB"
            }
        },
        {
            "Action": "Include",
            "FromFile": "assets/Strings/schedules/Sam.en-GB.json",
            "When": {
                "Language": "en-GB"
            }
        },
        {
            "Action": "Include",
            "FromFile": "assets/Strings/schedules/Sebastian.en-GB.json",
            "When": {
                "Language": "en-GB"
            }
        },
        {
            "Action": "Include",
            "FromFile": "assets/Strings/schedules/Vincent.en-GB.json",
            "When": {
                "Language": "en-GB"
            }
        },
        // Maps
        {
            "LogName": "Replace Maps/fall_town with localised version",
            "Action": "EditImage",
            "Target": "Maps/fall_town",
            "FromFile": "assets/Maps/cinema.png",
            "FromArea": {
                "X": 0,
                "Y": 0,
                "Width": 89,
                "Height": 23
            },
            "ToArea": {
                "X": 92,
                "Y": 1053,
                "Width": 89,
                "Height": 23
            },
            "When": {
                "HasFile: {{FromFile}}": true
            }
        },
        {
            "LogName": "Replace Maps/spring_town with localised version",
            "Action": "EditImage",
            "Target": "Maps/spring_town",
            "FromFile": "assets/Maps/cinema.png",
            "FromArea": {
                "X": 0,
                "Y": 0,
                "Width": 89,
                "Height": 23
            },
            "ToArea": {
                "X": 92,
                "Y": 1053,
                "Width": 89,
                "Height": 23
            },
            "When": {
                "HasFile: {{FromFile}}": true
            }
        },
        {
            "LogName": "Replace Maps/summer_town with localised version",
            "Action": "EditImage",
            "Target": "Maps/summer_town",
            "FromFile": "assets/Maps/cinema.png",
            "FromArea": {
                "X": 0,
                "Y": 0,
                "Width": 89,
                "Height": 23
            },
            "ToArea": {
                "X": 92,
                "Y": 1053,
                "Width": 89,
                "Height": 23
            },
            "When": {
                "HasFile: {{FromFile}}": true
            }
        },
        {
            "LogName": "Replace Maps/winter_town with localised version",
            "Action": "EditImage",
            "Target": "Maps/winter_town",
            "FromFile": "assets/Maps/cinema.png",
            "FromArea": {
                "X": 0,
                "Y": 0,
                "Width": 89,
                "Height": 23
            },
            "ToArea": {
                "X": 92,
                "Y": 1053,
                "Width": 89,
                "Height": 23
            },
            "When": {
                "HasFile: {{FromFile}}": true
            }
        }
    ]
}
