{
    "Changes": [
        {
            "Action": "EditData",
            "Target": "Data/SecretNotes",
            "Fields": {
                "1": {
                    "0": "It's a page from Abigail's Diary^^'Things I love: the smell of carved pumpkin, keeping an amethyst under my pillow, chocolate cake, the thrill of spicy eel, and the comfort of mum's blackberry cobbler (I like to eat!)'%revealtaste:Abigail:276%revealtaste:Abigail:66%revealtaste:Abigail:220%revealtaste:Abigail:226%revealtaste:Abigail:611"
                },
                "2": {
                    "0": "It's Sam's Winter Star shopping list^^Everyone's favourites^^Sebastian: Frozen Tear, Sashimi^Penny: Emerald, Poppy^Vincent: Grape, Cranberry Sweet^Mum: Crispy Bass, Pancakes^Dad: Risotto, Roasted Hazelnuts^Me: Cactus, Maple Bar, Pizza%revealtaste:Sebastian:84%revealtaste:Sebastian:227%revealtaste:Penny:60%revealtaste:Penny:376%revealtaste:Vincent:398%revealtaste:Vincent:612%revealtaste:Jodi:214%revealtaste:Jodi:211%revealtaste:Kent:649%revealtaste:Kent:607%revealtaste:Sam:90%revealtaste:Sam:731%revealtaste:Sam:206"
                },
                "5": {
                    "0": "It's Penny's handwriting:^^I want to get everyone something they love!^^Mum: Parsnip, Glazed Yams, NO BEER!^Jas: Fairy Rose, Plum Pudding^Vincent: Pink Cake, Grape^Mr. Mullner: Leek, Fried Mushroom^Granny Mullner: Beetroot, Tulip%revealtaste:Pam:24%revealtaste:Pam:208%revealtaste:Pam:346%revealtaste:Jas:595%revealtaste:Jas:604%revealtaste:Vincent:398%revealtaste:Vincent:221%revealtaste:George:20%revealtaste:George:205%revealtaste:Evelyn:284%revealtaste:Evelyn:591"
                },
                "6": {
                    "0": "Stardrop Saloon Special Orders^^Mayor Lewis: Autumn's Bounty^(Double order of high-fibre bread on the side)^^Marnie: Pumpkin Pie^(extra whipped cream!)^^Demetrius: Bean Hotpot^(Make it spicy)^^Caroline: Fish Taco^(she wants triple the sauce! Better throw in a few extra napkins...)%revealtaste:Lewis:235%revealtaste:Marnie:608%revealtaste:Demetrius:207%revealtaste:Caroline:213"
                },
                "7": {
                    "0": "It's a page from someone's diary...^^...There are only a few 'older' bachelors in town, and none of them are perfect! Harvey is really anxious and weak, but I know he would make a loyal and devoted husband. He likes coffee and pickles.^^Elliott is a bit foppish and melodramatic, but he does have a nice chin. He likes crab cakes and pomegranates.^^Shane is messy and anti-social. But I think his gruff exterior is a defence mechanism, insulating his softness from the world. He likes Beer, Pizza, and Pepper Poppers.%revealtaste:Harvey:395%revealtaste:Harvey:342%revealtaste:Elliott:732%revealtaste:Elliott:637%revealtaste:Shane:346%revealtaste:Shane:206%revealtaste:Shane:215"
                },
                "8": {
                    "0": "^To Haley and Emily^^Hope you two are doing well! We've sent you your favourite gifts: Pink Cake and Sunflowers for Haley, Gemstones and Wool for Emily!^^-Love Mum and Dad%revealtaste:Haley:221%revealtaste:Haley:421%revealtaste:Emily:440%revealtaste:Emily:66%revealtaste:Emily:62%revealtaste:Emily:60%revealtaste:Emily:70%revealtaste:Emily:64%revealtaste:Emily:68"
                },
                "12": {
                    "0": "I've found some good things by looking in the bins, on lucky days.^^Sometimes you'll find the 'dish of the day' behind the saloon... usually fresh!^^For dessert, I'll check the Mullners' bin for cookies.^^For treasures, check the bins by the blacksmith and museum."
                },
                "13": {
                    "0": "^^12 o'clock noon SHARP. Last day of the season. Check the bush above the playground."
                },
                "14": {
                    "0": "^^^    I hid something behind the community centre."
                },
                "25": {
                    "0": "^^ I 'borrowed' a necklace from mum, but lost it somewhere near the bath house... She's going to freak out if she notices it's missing!"
                },
                "1002": {
                    "0": "Day 6^^I won't go hungry here... the waters are full of edible (nay, delicious!) fish.^^I even caught a stingray in the caves by the south-east shore. I haven't a clue what to do with it, though!^^The other day, I even fished up a couple of golden walnuts. They seem to be all over the island. The local parrots go crazy for them!"
                },
                "1007": {
                    "0": "--Forging Table--^^Topaz -- Defence^Emerald -- Speed^Jade -- Critical Strike Power^Aquamarine -- Critical Strike Chance^Amethyst -- Knockback^Ruby -- Damage^^Prismatic Shard -- Enchantment^^Note: Weapons can be forged up to 3 times with gems, and can also be enchanted once with a prismatic shard.^^Tools can only be enchanted, not forged."
                },
                "1008": {
                    "0": "--Weapon Enchantments--^^Artful: Allows you to do \"special moves\" more rapidly^^Bug Killer: Do more damage to bugs.^^Vampiric: Occasionally siphon health from a monster.^^Crusader: Do more damage to \"unholy\" monsters.^^Haymaker: When cutting weeds, you get more fibre, and also a chance to collect hay.^^--Tool Enchantments--^^Powerful: Do more tool damage to stones, trees, and the like.^^Reaching: Increases your charge-up capacity, for a greater area of effect.^^Shaving: Chance to peel off additional wood when chopping.^^Bottomless: Watering can will never run dry.^^Generous: Dig up more from beneath the earth.^^Archaeologist: Greater chance to find artefacts and bones.^^Efficient: Takes no energy to use.^^Swift: Swing the tool faster.^^Master: Increases fishing level.^^Auto-Hook: Automatically hooks fish when they bite.^^Preserving: Bait and tackle have a 50% chance to not be consumed."
                }
            }
        }
    ]
}