{
    "Changes": [
        {
            "LogName": "Edit Data/Festivals/fall16",
            "Action": "EditData",
            "Target": "Data/Festivals/fall16",
            "Entries": {
                "Pierre": "My shop carries the very finest quality products in the whole valley. Please, inspect my grange display closely and see for yourself!",
                "Evelyn": "I wish Gus would include a vegetarian option. Some courgette skewers, maybe?",
                "Penny": "I won the wheel of chance ten times in a row and now the man won't let me play any more...$s"
            }
        }
    ]
}