{
    "Changes": [
        {
            "LogName": "Edit Data/Festivals/summer11",
            "Action": "EditData",
            "Target": "Data/Festivals/summer11",
            "Entries": {
                "mainEvent": "pause 500/playMusic ocean/globalFade/viewport -1000 -1000/loadActors MainEvent/addTemporaryActor Governor 16 32 35 10 2/warpFarmers 33 19 0 32 19 0 40 19 0 28 9 1 42 9 3 37 19 0 38 19 0 34 19 0 right 36 6 2/viewport 35 12 true/pause 2000/faceDirection Lewis 3/pause 100/faceDirection Lewis 2/pause 100/faceDirection Lewis 1/pause 100/faceDirection Lewis 2/speak Lewis \"Well folks, it's time once again for the potluck ceremony.#$b#I trust that you all put high-quality ingredients in the pot this year. We don't want the governor to regret his visit to the valley!\"/pause 1000/faceDirection Lewis 3/pause 500/speak Lewis \"Well... Governor? Would you do us the honour of tasting the soup?\"/pause 500/speak Governor \"Of course! I've been looking forward to this all year.\"/playMusic none/pause 500/move Governor 0 1 2/pause 1000/playSound dwop/showFrame Governor 8 true/pause 1000/animate Governor false false 200 8 8 9 10 11 11/pause 1100/playSound sipTea/pause 1000/playSound gulp/pause 500/showFrame Governor 8 true/animate Governor false false 200 11 10 9 8/pause 900/speak Governor \"...$h\"/pause 300/cutscene governorTaste/null",
                "governorReaction6": "pause 1000/playMusic ocean/speak Governor \"Hmm... It's a bit tangy... but actually, the flavour is quite good!\"/pause 600/emote Governor 8/speak Governor \"Just one minute... there's something in my bowl... what's this?$2\"/pause 500/showFrame Governor 14/playSound slimeHit/jump Governor/pause 500/showFrame Lewis 24/jump Lewis/textAboveHead Lewis \"Whaaaat?!\"/showFrame Emily 26/pause 1000/showFrame Marnie 16/jump Marnie/textAboveHead Marnie \"*gasp*\"/pause 1000/shake Governor 2000/emote Governor 12/pause 500/showFrame Emily 4/showFrame Marnie 8/speak Governor \"This... This is outrageous!$1#$b#I've never been so insulted in all my life!$1\"/pause 600/showFrame Governor 13/playSound throw/specificTemporarySprite luauShorts/pause 500/jump Lewis/pause 1000/speak Governor \"Blech... my tongue is swelling up... I think I'm going to be sick.$u\"/pause 400/globalFade/viewport -1000 -1000/pause 1000/warp Governor -100 -100/playSound slimedead/faceDirection Lewis 2/viewport 35 12 true/pause 1000/speak Lewis \"Whoever took part in this appalling act is truly reprehensible. Using my very private item for this sick purpose!$4#$b#And to ruin a perfectly good soup... unforgivable! I've never been more ashamed of this community... Truly disgusting.$4\"/pause 500/faceDirection Lewis 0/emote Lewis 12/speak Lewis \"Go home, the festival is over.$s\"/pause 500/globalFade/viewport -1000 -1000/message \"I guess the 'little joke' didn't go over too well...\"/pause 500/message \"Time to head home.\"/waitForOtherPlayers festivalEnd/end",
                "Governor": "What a lovely occasion... It's always a joy to visit Stardew Valley.#$e#I must speak to the missus about purchasing a holiday home here.",
                "Penny_spouse": "I'm just humouring some old friends. What I really want is a bowl of that soup.",
                "Abigail": "It's tiring to socialise with everyone... I'd rather watch the sea.",
                "Pierre": "Hmm... maybe if I get on the governor's good side he'll give my business a tax break...#$b#I wonder if he likes aged whiskey?#$e#Now if only the Mayor would stop schmoozing with him all afternoon.",
                "Shane": "Wow... you don't get chilli pepper chutney like this in the big city..."
            }
        }
    ]
}