{
    "Changes": [
        {
            "Action": "EditData",
            "Target": "Data/Events/AnimalShop",
            "Entries": {
                "3910674/f Shane 1000": "shaneTheme/-2000 -2000/farmer 18 18 1 Marnie 21 14 0 Jas 25 16 2 Shane -1000 -1000 2/skippable/specificTemporarySprite shanePassedOut/viewport 22 8 true/pause 2000/speak Marnie \"Shane?\"/pause 2000/doAction 21 13/pause 500/move Marnie 0 -7 1/textAboveHead Marnie \"Oh dear...\"/doAction 21 13/removeTile 21 13 Buildings/removeTile 21 12 Front/move farmer 3 0 0/faceDirection Jas 3 true/move farmer 0 -10 1/faceDirection Marnie 2/pause 500/speak Marnie \"@... Can you do something? He's out cold.$s\"/pause 500/faceDirection farmer 0/pause 500/faceDirection farmer 1/move farmer 3 0 0/faceDirection Marnie 1 true/move farmer 0 -1 1/pause 1000/speak Shane \"buhhh...$7\"/pause 2000/specificTemporarySprite waterShane/pause 250/playSound wateringCan/pause 1000/specificTemporarySprite waterShaneDone/warp Shane 25 7/textAboveHead Shane \"Whaa..?!\"/jump Shane/shake Shane 2000/showFrame Shane 18/pause 3000/showFrame Shane 0/move farmer -1 0 1/faceDirection Shane 3/speak Marnie \"Shane! What's the matter with you? All you do any more is mope around your room and drink beer!$s\"/move Jas -4 0 0 true/pause 200/faceDirection Shane 2 true/pause 50/faceDirection Shane 1/emote Shane 12/shake Shane 1000/textAboveHead Shane \"...\"/pause 1500/speak Shane \"You wouldn't understand...\"/pause 1000/textAboveHead Marnie \"I'm worried...\"/move Jas 0 -8 1/speak Marnie \"What's your plan? Don't you ever think about the future?\"/faceDirection Shane 0/textAboveHead Shane \"Plan?\"/pause 2000/speak Shane \"Hopefully I won't be around long enough to need a 'plan'...\"/jump Jas/pause 500/shake Jas 10000/speed Jas 4/textAboveHead Jas \"...*sob*...\"/move Jas 0 10 2 true/faceDirection Marnie 2/emote Marnie 28 true/faceDirection farmer 3/faceDirection Shane 1 true/pause 50/faceDirection Shane 2/pause 600/move Marnie 0 10 2 true/pause 1000/textAboveHead Shane \"Jas...\"/pause 500/faceDirection farmer 1/pause 400/showFrame Shane 19/pause 1000/textAboveHead Shane \"I'm sorry...\"/pause 3000/faceDirection Shane 1 true/showFrame Shane 4/pause 500/showFrame Shane 35/playSound thudStep/shake Shane 4000/pause 2000/end"
            }
        }
    ]
}