{
    "Changes": [
        {
            "Action": "EditData",
            "Target": "Data/Events/ArchaeologyHouse",
            "Entries": {
                "romanceBook": "pause 400/speak Elliott \"After countless hours scribbling at my writing desk, I present to you my first novel: 'Camellia Station'... It's a romance novel about a train stewardess who falls in love with a travelling architect...\"/animate Elliott false true 1000 33 33 34/pause 500/speak Elliott \"Chapter One.#$b#'Your ticket, sir?' Ticket collector Gozman extended a gloved hand towards the young commuter. 'Ah, yes. I have it right here,' he replied, reaching into his coat pocket. Mortified, he discovered that the ticket was missing.\"/playMusic none/globalFade/viewport -100 -100/pause 1000/warp Sebastian -1000 -1000/warp Sam -1000 -1000/warp Abigail -1000 -1000/warp Jodi -1000 -1000/warp Robin -1000 -1000/warp Demetrius -1000 -1000/warp Shane -1000 -1000/warp Maru -1000 -1000/warp Pierre -1000 -1000/warp Caroline -1000 -1000/viewport 14 11 true/pause 1000/speak Elliott \"...'Clara, there's something I must tell you,' he blurted as she turned to leave. Clara turned, slowly, and saw the look of desperation in Horatio's eye. At that moment Gozman burst into the compartment, red-faced.\"/stopAnimation Elliott/showFrame Elliott 34/pause 800/speak Elliott \"Well, that concludes my reading. I'll be selling signed copies of the book by the front desk. Thanks for listening!$h\"/faceDirection Lewis 3/faceDirection Marnie 1/faceDirection Emily 2 true/faceDirection Clint 1/move Elliott 0 4 3/faceDirection farmer 1/pause 600/speak Elliott \"Well, how was it?\"/emote farmer 32/speak Elliott \"Thanks. $h#$b#You know, I got the idea for writing a romance novel from you. Do you remember?#$b#That's why I've dedicated this book to you...$l\"/move Elliott -1 0 3/emote Elliott 32/pause 1000/end",
                "0/n somethingToDonate/l somethingWasDonated": "libraryTheme/29 12/farmer 22 13 1 Gunther 31 12 2/removeQuest 23/addQuest 24/skippable/pause 1000/showFrame Gunther 4/pause 500/showFrame Gunther 0/pause 500/showFrame Gunther 12/pause 500/showFrame Gunther 0/pause 1000/showFrame Gunther 1/pause 500/speak Gunther \"Abysmal...#$b#Not a single piece in the entire collection.\"/move farmer 7 0 1/showFrame Gunther 12/pause 800/emote Gunther 16/jump Gunther/pause 800/speak Gunther \"What's this? You found something? Let me see it!\"/move farmer 0 -1 1/move farmer 1 0 1/pause 500/playSound coin/animate Gunther false true 500 2 3/pause 3000/speak Gunther \"Remarkable!#$b#It's very old.#$b#I'd love to study this in greater detail... But it is yours.\"/stopAnimation Gunther/showFrame Gunther 12/pause 1000/speak Gunther \"Hmmm...#$b#I've got a favour to ask you.#$b#Would you consider donating any new artefacts or minerals that you find?#$b#We could make a groundbreaking discovery together!#$b#Oh, and who knows... If you keep donating I might come across some interesting items to send your way.\"/pause 1000/showFrame Gunther 0/pause 500/speak Gunther \"Think about it, will you?#$b#If you decide to donate, just bring the objects to the front desk.\"/move farmer -3 0 2 true/pause 400/showFrame Gunther 1/proceedPosition farmer/move farmer 0 1 3/move farmer -7 0 3 true/pause 1000/globalFade/viewport -1000 -1000/end"
            }
        }
    ]
}