{
    "Changes": [
        {
            "Action": "EditData",
            "Target": "Data/Events/Beach",
            "Entries": {
                "3917601/f Emily 3500/O Emily/n emilyFiber/A emilyFiber/t 2000 2400/p Emily": "EmilyTheme/-1000 -1000/farmer 8 14 3 Emily 7 14 1/makeInvisible 8 14/viewport -100 -100 true unfreeze/pause 3000/speak Emily \"Welcome home, @. I hope you had a nice day.\"/pause 1000/emote farmer 20/pause 1200/speak Emily \"So... I finished that secret project I was working on.\"/emote farmer 8/pause 500/speak Emily \"It's a brand new hand-made outfit for you!$h\"/pause 500/awardFestivalPrize emilyClothes/pause 500/playSound coin/message \"Received Emily's Magic Hat, Emily's Magic Boots, Emily's Magic Shirt, and a matching set of trousers!\"/pause 500/speak Emily \"I've always loved sewing and making crafts... So I thought it'd be nice to make you something by hand. I had a lot of fun!#$b#I hope it fits right... and that the fibre isn't too itchy.#$b#There's boots, a hat, a shirt, and trousers! It's a complete outfit.\"/pause 800/speak Emily \"Now, when you wear those clothes, you'll think of me... and you'll know I'm here waiting for you to come home safe... okay?$l\"/pause 500/faceDirection Emily 2/pause 500/animate Emily false true 250 52 53/pause 250/playSound dwop/positionOffset Emily 4 0/pause 250/pause 250/playSound dwop/positionOffset Emily 4 0/pause 250/pause 250/playSound dwop/positionOffset Emily 4 0/pause 250/pause 250/playSound dwop/positionOffset Emily 4 0/pause 250/pause 250/playSound dwop/positionOffset Emily 4 0/pause 250/pause 250/playSound dwop/faceDirection farmer 2 true/positionOffset Emily 4 0/pause 250/pause 250/playSound dwop/positionOffset Emily 4 0/pause 250/pause 250/playSound dwop/positionOffset Emily 4 0/pause 250/stopAnimation Emily/pause 3000/showFrame Emily 55/pause 500/eyes 1 -4500/pause 3000/fade/viewport -100 -100/pause 500/end dialogue Emily \"Time for bed.\"",
                "3918602/e 3918601/O Sam/t 610 1700/A samJob2/p Sam/L": "none/-1000 -1000/farmer 37 14 1 Sam 38 14 3/addConversationTopic samJob3 3/skippable/makeInvisible 37 14/viewport -100 -100 true unfreeze/pause 2000/speak Sam \"Hey, @. I'm making progress on the song... check it out.\"/pause 400/faceDirection Sam 2/animate Sam false true 400 52 53/playMusic sam_acoustic2/pause 26000/stopAnimation Sam/showFrame Sam 52/pause 1000/showFrame Sam 0/faceDirection Sam 3/speak Sam \"It's kinda bare-bones right now... but when I add in all the different instruments, it'll come together. You'll see.\"/emote farmer 32/speak Sam \"You know... I'm not too upset about this kid's show idea any more.#$b#You gotta start somewhere, right?#$b#And hey, maybe I'll be a big hit in the children's concert circuit!$h\"/emote farmer 56/pause 1200/end dialogue Sam \"I'll have the finished song ready soon. I hope they're happy with it!\"",
                "3917626/f Harvey 3500/O Harvey/t 2000 2400/p Harvey/L": "harveys_theme_jazz/-1000 -1000/farmer -100 -100 0 Harvey 7 14 0/skippable/ambientLight 0 0 0/makeInvisible 4 14 6 1/specificTemporarySprite harveyKitchenSetup/viewport 7 14 true/pause 3000/showFrame Harvey 19/playSound clank/shake Harvey 200/pause 450/playSound clank/shake Harvey 200/pause 450/playSound clank/shake Harvey 200/pause 750/showFrame Harvey 53/pause 100/playSound sipTea/pause 1000/textAboveHead Harvey \"Needs salt...\"/stopAnimation Harvey/pause 800/move Harvey -1 0 0/pause 2000/showFrame Harvey 19/playSound bubbles/pause 1000/playSound bubbles/pause 2000/stopAnimation Harvey/move Harvey 1 0 0/pause 2000/playSound furnace/specificTemporarySprite harveyKitchenFlame/pause 500/jump Harvey/pause 500/textAboveHead Harvey \"It's burning!\"/pause 500/speed Harvey 8/move Harvey -2 0 0/pause 100/speed Harvey 8/move Harvey 2 0 0/pause 100/speed Harvey 8/move Harvey -2 0 0/pause 100/speed Harvey 8/move Harvey 2 0 0/pause 3000/move Harvey 2 0 0/pause 500/showFrame Harvey 19/playSound openChest/pause 1000/textAboveHead Harvey \"Hmm...\"/pause 3000/stopAnimation Harvey/move Harvey -2 0 0/pause 500/showFrame Harvey 19/textAboveHead Harvey \"A little bit of this...\"/playSound dropItemInWater/pause 2000/stopAnimation Harvey/move Harvey -3 0 0/pause 1000/showFrame Harvey 19/playSound coin/pause 500/stopAnimation Harvey/move Harvey 3 0 0/pause 250/showFrame Harvey 19/pause 500/textAboveHead Harvey \"Some of this...\"/pause 600/playSound slosh/pause 2000/showFrame Harvey 53/pause 200/playSound sipTea/pause 2000/showFrame Harvey 4/jump Harvey/textAboveHead Harvey \"Presto!\"/pause 2000/warp farmer 12 20/playSound doorClose/move farmer 0 -1 0/pause 500/stopAnimation Harvey/faceDirection Harvey 2/speak Harvey \"Ah... You're right on time, @!$h#$b#Let me just set the table...\"/pause 300/fade/viewport -1000 -1000/pause 2000/playMusic none/pause 3000/makeInvisible 5 14 4 2/ambientLight 180 180 0/playMusic kindadumbautumn/showFrame Harvey 51/positionOffset Harvey -8 0/faceDirection farmer 1/showFrame 117/specificTemporarySprite harveyDinnerSet/pause 4000/speak Harvey \"You've been working so hard on the farm... I wanted to make you a special dinner.\"/emote farmer 20/speak Harvey \"It's my very own 'angel hair pasta primavera'... with clams!$h\"/animate Harvey false true 300 51 52/pause 300/playSound eat/pause 600/playSound eat/pause 600/playSound eat/pause 500/animate Harvey false true 100 51/quickQuestion #It tastes heavenly#It tastes healthy#It tastes watery#It tastes burnt#It tastes like your moustache#It tastes like fungus(break)speak Harvey \"Heavenly, huh? That must be the 'angel hair'!$h#$b#I'm glad you like it! You deserve the best.$l\"(break)speak Harvey \"Oh yes, I forgot to mention... it's 'whole wheat' pasta. And it's brimming with fresh vegetables.#$b#It's important that you eat healthy food! I want you to live forever...$l\"(break)speak Harvey \"Oh... I see. I knew I needed to add more salt.$s#$b#Well, at least you'll be well hydrated.$s\"(break)emote Harvey 28\\speak Harvey \"Oh... I thought I gave myself the burnt one.$s#$b#Um, I lost track of one the pans and it caught fire... Sorry, dear.$s\"(break)jump Harvey\\pause 500\\speak Harvey \"Uhhh...! Heh. I guess a piece of my moustache may have fallen into the pasta...$8#$b#Well! Extra fibre, right? Heh... (sorry honey)$8\"(break)jump Harvey\\pause 400\\speak Harvey \"Oh! Eh... Must've been the truffle oil I drizzled on top...$8#$b#You meant delicious, edible fungus... right honey? Of course... Heh.$8\"/pause 2000/animate Harvey false true 300 51 52/speak Harvey \"So, tell me about your day...\"/quickQuestion #I tended the farm#I dug around in the caves#I spent the day fishing#I socialised in town#I did a little of everything#I can't remember#I didn't do anything(break)speak Harvey \"Yes, I can still see the dirt in your hair! I really appreciate all the hard work you do, honey.\"(break)speak Harvey \"That sounds dangerous... are you sure that's safe?$8#$b#I don't want to see you on the operating table anytime soon...$s#$b#Although I have to say, I like how courageous you are...$l\"(break)speak Harvey \"A peaceful day by the water, huh? That sounds very relaxing.#$b#I'm glad you're having fun out there!$h\"(break)speak Harvey \"Ah, that's good. Having an active social life is healthy for the brain.#$b#But remember, I'm always here for you if you need someone to talk to!$l\"(break)speak Harvey \"That makes sense. There's lots to do in this valley! ...And I know how hard you work.#$b#Just remember to take breaks! When you're so busy, it's easy to get burnt out from exhaustion.\"(break)speak Harvey \"Ah... I have that problem, too. The boundary between days can blur together... it's hard to keep track of everything!\"(break)speak Harvey \"Took the day off, huh? I'm glad to hear it.#$b#Well, with a day off and a hearty dinner you'll be fully re-charged for tomorrow.\"/pause 1000/stopAnimation Harvey/showFrame Harvey 51/speak Harvey \"Whew... I'm stuffed! That was great...\"/emote farmer 20/pause 1000/playMusic nightTime/speak Harvey \"I'll take care of the dishes...\"/pause 400/emote farmer 60/pause 250/speak Harvey \"Don't feel bad... I like to do nice things for you! It makes me happy.\"/pause 1000/speak Harvey \"I know I say this a lot, but... marrying you was the best thing that ever happened to me!$l\"/emote farmer 20/pause 1000/fade/viewport -100 -100/end dialogue Harvey \"That was filling. I'm gonna sleep well...\"",
                "4325434/f Penny 3500/O Penny/t 1500 1900/p Penny": "sweet/-1000 -1000/farmer 11 14 3 Penny 8 14 0/animate Penny false true 250 24 25/makeInvisible 5 5 5 1/makeInvisible 8 14 5 1/viewport -100 -100 true unfreeze/move farmer -2 0 3/pause 1000/stopAnimation Penny/pause 20/playSound thudStep/pause 250/faceDirection Penny 1/pause 50/animate Penny true true 100 20/pause 1000/stopAnimation Penny/faceDirection Penny 1/pause 200/speak Penny \"Welcome home, honey... How was your day?\"/quickQuestion #It was fine#Not good...#It was fantastic!(break)speak Penny \"Just business as usual, huh?#$b#Well, I've got a zesty new recipe in the oven, so maybe things will get a little more exciting!$h\"(break)emote Penny 28\\speak Penny \"Oh, I'm sorry!$s#$b#Well, you're back now... I'll do my best to make you feel better.\"(break)speak Penny \"That's great! I'm glad you enjoy your work so much.$h\"/speak Penny \"I'm happy you're home.$l\"/pause 500/animate Penny false true 100 35/animate farmer true true 100 101/positionOffset farmer -8 0/positionOffset Penny 8 0/pause 1500/positionOffset Penny -8 0/stopAnimation Penny/showFrame Penny 4/stopAnimation farmer/pause 1000/speak Penny \"Oh, you smell like the outdoors...$l#$b#It's nice...$11\"/pause 1000/animate Penny false true 150 4 5 6 7/positionOffset Penny 2 0/pause 100/positionOffset Penny 2 0/pause 100/positionOffset Penny 2 0/pause 100/positionOffset Penny 2 0/pause 100/positionOffset Penny 2 0/pause 100/positionOffset Penny 2 0/pause 100/positionOffset Penny 2 0/pause 100/positionOffset Penny 2 0/pause 100/positionOffset Penny 2 0/pause 100/positionOffset Penny 2 0/stopAnimation Penny/showFrame Penny 21/pause 800/speak Penny \"You know... I really appreciate the hard work you do for the family.#$b#So it's important to me that when you come home, the house is nice and cosy, and everything's in order!\"/emote farmer 20/speak Penny \"So I was thinking... I'd like to re-decorate the bedroom with some of my own hand-made decor!#$b#But first, I have to ask you...$11\"/quickQuestion What style do you prefer?#Forest And Moon: Peaceful Blue#Strawberry Home#Pirate Theme#I don't want any changes!(break)addConversationTopic pennyRedecorating 2\\addMailReceived pennyQuilt0\\speak Penny \"Ah... something soothing. Okay!#$b#Just give me a few days, then.#$b#I won't touch any of your chests, but it would be nice if you could move them out of the bedroom.\"(break)addConversationTopic pennyRedecorating 2\\addMailReceived pennyQuilt1\\speak Penny \"Something warm and inviting, huh? That works for me!#$b#Just give me a few days, then.#$b#I won't touch any of your chests, but it would be nice if you could move them out of the bedroom.\"(break)addConversationTopic pennyRedecorating 2\\addMailReceived pennyQuilt2\\speak Penny \"Heh... Okay. Whatever you like, honey.$h#$b#Just give me a few days, then.#$b#I won't touch any of your chests, but it would be nice if you could move them out of the bedroom.\"(break)addMailReceived noQuilt\\speak Penny \"Oh! Okay... I won't worry about it, then.$s\"/pause 500/showFrame Penny 4/playSound crystal/jump Penny/pause 500/speak Penny \"Oh! The pop-overs are ready.\"/faceDirection Penny 3/animate Penny false true 150 12 13 14 15/positionOffset Penny -4 0/pause 50/positionOffset Penny -4 0/pause 50/positionOffset Penny -4 0/pause 50/positionOffset Penny -4 0/pause 50/stopAnimation Penny/move Penny -1 0 0/faceDirection Penny 0/pause 100/showFrame Penny 29/pause 150/showFrame Penny 30/playSound openChest/pause 1300/showFrame Penny 28/playSound coin/emote farmer 20/move farmer -1 0 3/farmerEat 203/showFrame Penny 4/pause 2000/playSound gulp/emote Penny 32/pause 1000/faceDirection farmer 3/end dialogue Penny \"Make yourself comfortable, dear.\"",
                "4324303/e 4325434/O Penny/A pennyRedecorating/l noQuilt/B": "spring_day_ambient/-1000 -1000/farmer 27 13 0 Penny 26 13 1/fade unfade/makeInvisible 26 13/makeInvisible 20 4/eyes 1 -10/positionOffset farmer 0 8/viewport -100 -100 true unfreeze/pause 1000/emote farmer 24/pause 3000/showFrame Penny 21/startJittering/pause 500/stopJittering/showFrame Penny 4/pause 500/speak Penny \"@... Good morning...$11\"/pause 1000/showFrame Penny 21/startJittering/pause 500/stopJittering/showFrame Penny 4/pause 500/faceDirection farmer 3/emote Penny 32/pause 500/faceDirection farmer 2/emote farmer 16/jump farmer/pause 1000/animate Penny false true 150 4 5 6 7/positionOffset Penny 2 0/pause 100/positionOffset Penny 2 0/pause 100/positionOffset Penny 2 0/pause 100/positionOffset Penny 2 0/pause 100/positionOffset Penny 2 0/pause 100/positionOffset Penny 2 0/pause 100/positionOffset Penny 2 0/pause 100/positionOffset Penny 2 0/pause 100/positionOffset Penny 2 0/pause 100/positionOffset Penny 2 0/stopAnimation Penny/showFrame Penny 21/pause 500/speak Penny \"Notice anything unusually soft? I quilted this custom bedspread by hand.$11\"/eyes -1 2000/startJittering/pause 2000/stopJittering/speak Penny \"So, what do you think?$11\"/quickQuestion #Looks great!#I don't like it.(break)emote Penny 20\\speak Penny \"I'm glad you like it. The house is starting to look really cosy, isn't it?$h\"\\faceDirection Penny 2\\faceDirection farmer 2\\emote farmer 20\\faceDirection farmer 3\\faceDirection Penny 1\\pause 1000\\animate Penny false true 100 35\\animate farmer true true 100 101(break)emote Penny 28\\speak Penny \"Oh.. okay.$s#$b#I put the old furniture in a chest... feel free to change it back...$s\"\\faceDirection Penny 3/pause 3000/fade/viewport -1000 -1000/pause 500/message \"Penny's been working very hard around the house...\"/pause 500/message \"It really feels like home!\"/pause 2000/end",
                "9333220/e 9333219/O Sebastian/A sebastianFrog/t 620 1900": "distantBanjo/-1000 -1000/farmer 36 15 2 Sebastian 37 15 2/addWorldState sebastianFrog/addConversationTopic sebastianFrog2 6/specificTemporarySprite sebastianFrogHouse/skippable/makeInvisible 29 6 4 4/makeInvisible 35 15 4 4/viewport -100 -100 true unfreeze/pause 3000/faceDirection farmer 1/emote farmer 8/speak Sebastian \"Our little friend's doing much better, see?\"/pause 500/faceDirection farmer 2/pause 250/showFrame farmer 4/pause 800/showFrame Sebastian 51/playSound thudStep/pause 800/speak Sebastian \"...but I don't think he can go back into the wild... he's not fast enough to avoid predators any more.#$b#... So I set up this terrarium.#$b#He looks happy, doesn't he?$h\"/pause 400/emote farmer 32/pause 500/showFrame farmer 0/pause 400/faceDirection farmer 1/speak Sebastian \"I wonder if he'll get lonely, though...\"/pause 500/faceDirection farmer 2/pause 600/quickQuestion #Why not start a 'frog sanctuary'?#He'll be fine.(break)speak Sebastian \"...a haven for frogs and toads who can't make it on their own? Not a bad idea.\"(break)speak Sebastian \"He does look pretty tough. But still, If I find another injured frog, I think he'd be better off with a friend.\"/faceDirection farmer 1/pause 1200/quickQuestion #Why do you like frogs so much, anyway?#I don't really want this in the house#I'm glad you've found a new hobby(break)speak Sebastian \"Hmm... Well, I like going out in the rain. So I guess I encountered a lot of frogs that way.#$b#I ended up feeling a common bond with the little guys.\"\\faceDirection farmer 1 true\\emote farmer 20(break)emote Sebastian 12\\showFrame Sebastian 12\\pause 400\\speak Sebastian \"Well it's not up for debate. This is my corner of the house and I can do what I want with it.\"\\showFrame Sebastian 0(break)speak Sebastian \"Yeah, It'll be fun. I spend a lot of time on the computer, so it's nice to have some real, physical hobbies.#$b#I might even try my hand at some frog breeding!$h\"\\faceDirection farmer 1 true\\emote farmer 16\\pause 500/faceDirection farmer 2/showFrame farmer 0/pause 1000/playSound croak/specificTemporarySprite frogJump/pause 250/playSound slimeHit/pause 250/showFrame farmer 94/jump Sebastian/pause 250/playSound slimeHit/pause 500/playSound slimeHit/pause 250/fade/viewport -1000 -1000/pause 600/message \"Today our family grew a little larger...\"/pause 1000/playSound slimeHit/pause 500/playSound slimeHit/pause 500/playSound slimeHit/pause 1000/message \"...and a lot slimier!\"/pause 1000/end"
            }
        }
    ]
}