{
    "Changes": [
        {
            "Action": "EditData",
            "Target": "Data/Events/Beach",
            "Entries": {
                "91/f Marnie 750/t 600 930": "continue/64 15/farmer 64 16 2 Marnie 64 18 0/pause 1500/addQuest 21/skippable/speak Marnie \"Good morning, Mr. @!$h^Good Morning, Ms. @!$h#$b#I came by to ask you a favour, since you're such a kind neighbour.#$b#You see, I'm trying to train my goats to say 'hello'... but they simply won't pay attention to me unless I have their favourite treat, cave carrots!$u#$b#So... since I'm scared of the mines... I thought, well, maybe you would bring me a cave carrot when you have the chance?#$b#There's no pressure... but if you want to, just swing by my house between 09:00 and 17:00 with a cave carrot. You'll make an old girl very happy. Bye.\"/pause 300/end dialogue Marnie \"My goats go wild over cave carrot... I can't imagine why.\"",
                "93/f Jodi 1000/t 600 930/d Tue Wed Thu Fri Sat Sun": "continue/64 15/farmer 64 16 2 Jodi 64 18 0/pause 1500/addQuest 22/skippable/speak Jodi \"*puff* ...hi @! *pant* Whew... that was quite a workout, walking all the way up here.$h\"/pause 200/emote Jodi 28/pause 200/speak Jodi \"Anyway... I came by to ask if you wanted to have dinner with us tonight!#$b#You don't have to... but if you decide to come, could you please bring a largemouth bass with you?#$b#... that's right. One of those big, slimy fish from the lake. I need one for the casserole I'm making.$h#$b#Okay, well... it'll be at our house at around 19:00 tonight... don't forget the largemouth bass! Bye.\"/pause 300/end dialogue Jodi \"Fish casserole always hits the spot.\"",
                "2128292/e 3900074/t 600 630/f Shane 2500/D Shane": "continue/64 15/farmer 64 16 2 Shane 64 18 0/pause 1500/skippable/speak Shane \"Hey, @!$6\"/pause 1000/speak Shane \"Uh... So I got two tickets to the Tunnelers game tonight.$6\"/pause 2000/speak Shane \"If you want to come, meet me at the bus stop around 17:00.$6\"/pause 1000/end",
                "3917600/f Emily 3500/O Emily/t 500 820": "continue/-10000 -1000/farmer -100 -100 2 Emily -100 -100 2/warp Emily -100 -100/warp farmer -100 -100/faceDirection Emily 2/viewport 64 15 clamp true/pause 2000/playSound doorClose/warp farmer 64 15/pause 500/move farmer 0 2 2/playSound doorClose/warp Emily 64 15/pause 300/faceDirection farmer 1 true/pause 100/faceDirection farmer 0/speak Emily \"Hey, honey... before you get to work today, do you have a moment?#$b#I've been working on something special for you... but I need a little help finishing it.\"/move farmer 0 -1 0/speak Emily \"It's a secret, so I can't tell you what it is... but could you bring me 200 pieces of fibre?\"/addQuest 126/pause 500/speak Emily \"That's all I need! Just bring the 200 fibre by when you have a chance... no rush!\"/pause 2000/end dialogue Emily \"No peeking! You'll see the end result soon.\"",
                "980558/t 600 1130/w sunny/f Gus 1250": "playful/64 15/farmer 64 16 2 Gus 64 18 0/skippable/pause 1500/speak Gus \"Good morning!\"/pause 500/faceDirection Gus 3/pause 600/speak Gus \"Ah... what a beautiful day, huh?\"/pause 400/faceDirection Gus 0/speak Gus \"You know, as the Saloon owner, I hear about everything that's going on in town.#$b#I remember when you first moved here... everyone was a bit unsure of what to expect.#$b#A stranger from the city... an unknown personality...$s\"/textAboveHead Gus \"One sec...\"/faceDirection Gus 2/animate Gus false true 250 24 25/pause 500/playSound slimeHit/pause 500/playSound slimeHit/pause 500/playSound slimeHit/pause 500/playSound slimeHit/pause 500/stopAnimation Gus/pause 500/faceDirection Gus 0/pause 500/speak Gus \"Sorry, I have to stir this pot every 5 minutes.\"/emote farmer 40/speak Gus \"Anyway, what was I saying? Oh yeah... you know, it's like when you're making a sauce...\"/playMusic none/speak Gus \"...If you put in a new spice you could ruin everything!$s\"/pause 500/playSound fireball/animate Gus false true 100 26/shake Gus 1000/specificTemporarySprite sauceFire/pause 2000/animate Gus false true 200 24 25/pause 400/playSound slimeHit/pause 400/playSound slimeHit/pause 400/playSound slimeHit/pause 400/playSound slimeHit/pause 400/playSound slimeHit/animate Gus false true 100 24/pause 500/playSound discoverMineral/specificTemporarySprite sauceGood/pause 800/playMusic distantBanjo/speak Gus \"...But then again, there's always a chance you'll create something new and delicious! Right? Hahahaha.$h\"/pause 100/stopAnimation Gus/faceDirection Gus 0/emote farmer 8/faceDirection Gus 3/faceDirection Gus 0/pause 500/speak Gus \"Er... What I'm trying to say is...$s#$b#It's been great having you in town, and I've come to think of you as one of my good friends!\"/emote farmer 32/speak Gus \"Anyway, I came to give you something...#$b#I was cleaning out the back room and I found this old Mini-Jukebox. I want you to have it!\"/pause 800/itemAboveHead jukebox/playSound getNewSpecialItem/pause 3300/awardFestivalPrize jukebox/pause 200/message \"Received a 'Mini-Jukebox'\"/pause 800/speak Gus \"It's actually an old Do-It-Yourself project of mine, from many years ago. They're pretty easy to make!#$b#So, just in case you wanted to make more, I brought the blueprints for you...\"/pause 200/playSound getNewSpecialItem/addCraftingRecipe Mini-Jukebox/pause 500/message \"Learned how to craft a 'Mini-Jukebox'\"/pause 800/speak Gus \"Well, I'm gonna head home. I gotta get this marinara back on the hob! Have a good one!\"/pause 500/end"
            }
        }
    ]
}