{
    "Changes": [
        {
            "Action": "EditData",
            "Target": "Data/Events/Forest",
            "Entries": {
                "52/f Leah 1500/p Leah/z winter": "playful/-1000 -1000/farmer 58 16 3 Leah 42 11 3/skippable/specificTemporarySprite leahTree/animate Leah false true 80 22 23 22 23 22 23 22 23 21 21 21 21 21 21/viewport 40 10 true/move farmer -7 0 2/move farmer 0 -4 3/move farmer -3 0 3/jump Leah/move farmer -5 0 3/jump Leah/move farmer 0 -1 3/stopAnimation Leah/pause 600/faceDirection Leah 1/speak Leah \"Oh! @! You scared me.$6\"/pause 430/faceDirection Leah 3/showFrame Leah 21/speak Leah \"See that fruit up there? It looks delicious, doesn't it?#$b#But I can't reach it.$s\"/pause 500/emote farmer 40/pause 500/faceDirection farmer 3/animate farmer true false 150 58 59 60 61 61 61 61/showFrame Leah 24/playSound pickUpItem/positionOffset Leah 4 -8/pause 25/positionOffset Leah 4 -8/pause 25/positionOffset Leah 4 -8/pause 25/positionOffset Leah 4 -8/pause 25/positionOffset Leah 4 -8/pause 25/positionOffset Leah 4 -8/pause 25/positionOffset Leah 4 -8/pause 25/positionOffset Leah 4 -8/pause 25/positionOffset Leah 4 -8/pause 25/positionOffset Leah 4 -8/pause 25/positionOffset Leah 4 -4/pause 25/positionOffset Leah 4 -4/pause 25/positionOffset Leah 4 -4/pause 25/positionOffset Leah 4 -4/pause 25/positionOffset Leah 4 -4/pause 25/positionOffset Leah 4 -4/pause 25/stopAnimation farmer/animate farmer true true 100 61/shake Leah 1000/pause 250/speak Leah \"Aghh!$6#$b#Hehe...Thanks.$h\"/showFrame Leah 21/pause 850/animate Leah false true 60 22 23/speak Leah \"Okay... got it!\"/jump Leah/removeSprite 42 8/playSound coin/pause 950/stopAnimation Leah/showFrame Leah 24/stopAnimation farmer/animate farmer true false 150 61 60 59 58 58 58 58 58/positionOffset Leah -4 8/pause 25/positionOffset Leah -4 8/pause 25/positionOffset Leah -4 8/pause 25/positionOffset Leah -4 8/pause 25/positionOffset Leah -4 8/pause 25/positionOffset Leah -4 8/pause 25/positionOffset Leah -4 8/pause 25/positionOffset Leah -4 8/pause 25/positionOffset Leah -4 8/pause 25/positionOffset Leah -4 8/pause 25/positionOffset Leah -4 4/pause 25/positionOffset Leah -4 4/pause 25/positionOffset Leah -4 4/pause 25/positionOffset Leah -4 4/pause 25/positionOffset Leah -4 4/pause 25/positionOffset Leah -4 4/pause 25/faceDirection Leah 1 true/stopAnimation farmer/faceDirection farmer 3/pause 500/speak Leah \"You're stronger than you look!$h\"/pause 1000/speak Leah \"Here, try a piece... \"/pause 300/farmerEat 613/pause 900/pause 1100/stopAnimation farmer/faceDirection farmer 2/viewport move -1 1 6000/pause 2000/globalFade/viewport -1000 -1000/pause 1000/playMusic none/speak Leah \"You know, I just realised something.#$b#Even if my art career is a flop, I'll always have a friend to catch me on the way down.$h\"/pause 1000/end dialogue Leah \"Thanks for helping me earlier...$h\"",
                "54/f Leah 2500/t 1100 1600/z winter": "50s/-1000 -1000/farmer 87 40 3 Leah 76 40 1/skippable/specificTemporarySprite leahPicnic/viewport 77 40 true/move farmer -10 0 3/speak Leah \"Hi @. I knew you'd be passing through here today.#$b#...So I put together a surprise...$h\"/faceDirection Leah 0/pause 800/speak Leah \"It's a little picnic for us!$h\"/pause 500/faceDirection Leah 1/pause 500/faceDirection Leah 0/speak Leah \"This is a vegetable medley, with my 'special' spice blend.\"/pause 600/move Leah -1 0 0/speak Leah \"...and this is a fresh salad, made from greens that I foraged right here in the forest!$h\"/pause 600/faceDirection Leah 1/move farmer -1 0 3/faceDirection Leah 0/pause 1200/speak Leah \"@, um...$l\"/faceDirection Leah 2/pause 300/faceDirection Leah 1/speak Leah \"I just want to say thank you... for helping me get one step closer to becoming a real artist.$l\"/pause 400/showFrame Leah 25/pause 100/positionOffset Leah 2 0/pause 50/positionOffset Leah 2 0/pause 50/positionOffset Leah 2 0/pause 50/positionOffset Leah 2 0/pause 50/positionOffset Leah 2 0/pause 50/positionOffset Leah 2 0/pause 50/positionOffset Leah 2 0/pause 50/positionOffset Leah 2 0/pause 50/animate farmer true true 100 101/positionOffset farmer 16 0/positionOffset farmer -2 0/pause 50/positionOffset farmer -2 0/pause 50/positionOffset farmer -2 0/pause 50/positionOffset farmer -2 0/pause 50/positionOffset farmer -2 0/pause 50/positionOffset farmer -2 0/pause 50/positionOffset farmer -2 0/pause 50/positionOffset farmer -2 0/pause 500/specificTemporarySprite heart 76 39/pause 1000/stopMusic/message \"DISTANT VOICE: Well, well, well... What have we here?\"/warp LeahEx 74 29/move LeahEx 0 9 2 true/stopAnimation farmer/positionOffset farmer -16 0/faceDirection farmer 0 true/showFrame Leah 4/pause 50/positionOffset Leah -4 0/positionOffset farmer 4 0/pause 50/positionOffset Leah -4 0/positionOffset farmer 4 0/pause 50/positionOffset Leah -4 0/positionOffset farmer 4 0/pause 50/positionOffset Leah -4 0/positionOffset farmer 4 0/faceDirection Leah 0/pause 4000/showFrame LeahEx 4/move Leah -1 0 0/speak Leah \"Kel??$6#$b#What the heck are you doing here?$a\"/fork LeahInternet choseInternet/message \"KEL: Didn't you see me at the art show? I came all the way from Zuzu City to see your sculptures.\"/move LeahEx 0 1 2/message \"KEL: And to get you to come back with me.\"/message \"KEL: I want things to go back to the way they were... I miss you, babe.\"/emote Leah 12/faceDirection Leah 0/speak Leah \"Yuck, don't call me that!$a#$b#You never supported my art before... now that I've had some success you want me back? You make me sick.$a\"/move Leah 0 2 2/showFrame LeahEx 4/message \"KEL: Hey! Come Here!\"/speed farmer 4/move farmer -2 0 0 false/question fork1 \"#Punch Kel in the face.#Try reasoning with Kel.\"/fork noPunch/pause 300/screenFlash .25/animate farmer false false 650 15/positionOffset farmer 0 -8/faceDirection Leah 0 true/playSound clubhit/showFrame LeahEx 6/jump LeahEx/positionOffset LeahEx 0 -4/pause 25/positionOffset LeahEx 0 -4/pause 25/positionOffset farmer 0 8/positionOffset LeahEx 0 -4/pause 25/positionOffset LeahEx 0 -4/pause 25/positionOffset LeahEx 0 -4/pause 25/positionOffset LeahEx 0 -4/pause 25/positionOffset LeahEx 0 -4/pause 25/positionOffset LeahEx 0 -4/pause 25/positionOffset LeahEx 0 -4/pause 25/pause 200/playSound clubSmash/showFrame LeahEx 7/shake LeahEx 1000/speak Leah \"Oh my God!$6\"/speed Leah 4/move Leah -1 0 0/speed Leah 4/move Leah 0 -4 1/emote Leah 40/pause 1700/speak Leah \"Well, he'll make it... but that was pretty violent, @.^She's fine... but that was pretty violent, @.\"/faceDirection Leah 2/speak Leah \"Let's get out of here. I don't think Kel will be bothering us any more.\"/speed farmer 2/positionOffset farmer 2 0/move farmer -1 0 0/move Leah 0 -8 0 true/move farmer 0 -8 0 true/globalFade/viewport -1000 -1000/pause 1000/speak Leah \"Let's find a more secluded spot this time...$l\"/playMusic none/pause 2000/end dialogue Leah \"Well, the picnic didn't pan out like I wanted it to.$h\"",
                "choseInternet": "pause 10/message \"KEL: I found your online art store... weren't you wondering about the 'Mr. K' who kept buying all your sculptures?\"/pause 90/speak Leah \"You're 'Mr. K'? I... I thought it was just a rich guy who truly loved my art.$s\"/move LeahEx 0 1 2/message \"KEL: Heh. Well, you were half right...\"/pause 1000/message \"KEL: Look, Leah. I want you back. I miss you, babe.\"/emote Leah 12/faceDirection Leah 0/speak Leah \"Ew, don't call me that!$a#$b#You never supported my art before... now that I've had some success you want me back? You make me sick.$a\"/move Leah 0 2 2/showFrame LeahEx 4/message \"KEL: Hey! Come Here!\"/speed farmer 4/move farmer -2 0 0 false/question fork1 \"#Punch Kel in the face.#Try reasoning with Kel.\"/fork noPunch/pause 300/screenFlash .25/animate farmer false false 650 15/positionOffset farmer 0 -8/faceDirection Leah 0 true/playSound clubhit/showFrame LeahEx 6/jump LeahEx/positionOffset LeahEx 0 -4/pause 25/positionOffset LeahEx 0 -4/pause 25/positionOffset farmer 0 8/positionOffset LeahEx 0 -4/pause 25/positionOffset LeahEx 0 -4/pause 25/positionOffset LeahEx 0 -4/pause 25/positionOffset LeahEx 0 -4/pause 25/positionOffset LeahEx 0 -4/pause 25/positionOffset LeahEx 0 -4/pause 25/positionOffset LeahEx 0 -4/pause 25/pause 200/playSound clubSmash/showFrame LeahEx 7/shake LeahEx 1000/speak Leah \"Oh my God!$6\"/speed Leah 4/move Leah -1 0 0/speed Leah 4/move Leah 0 -4 1/emote Leah 40/pause 1700/speak Leah \"Well, he's fine... but that was pretty violent, @.^She's fine... but that was pretty violent, @.\"/faceDirection Leah 2/speak Leah \"Let's get out of here. I don't think Kel will be bothering us any more.\"/speed farmer 2/positionOffset farmer 2 0/move farmer -1 0 0/move Leah 0 -8 0 true/move farmer 0 -8 0 true/globalFade/viewport -1000 -1000/pause 1000/speak Leah \"Let's find a more secluded spot this time...$l\"/playMusic none/pause 2000/end dialogue Leah \"Well, the picnic didn't pan out like I wanted it to.$h\"",
                "noPunch": "pause 10/message \"KEL: I have nothing to say to you. Get out of my way.\"/speed farmer 2/move farmer 1 0 3/move LeahEx 0 2 2/message \"KEL: Seriously, Leah... What are you doing out here with this simple-minded bumpkin?\"/faceDirection farmer 2/showFrame Leah 26/pause 1000/showFrame Leah 27/showFrame 94/playSound clubhit/screenFlash .25/showFrame LeahEx 6/jump LeahEx/positionOffset LeahEx 0 -4/pause 25/positionOffset LeahEx 0 -4/pause 25/positionOffset farmer 0 8/positionOffset LeahEx 0 -4/pause 25/positionOffset LeahEx 0 -4/pause 25/positionOffset LeahEx 0 -4/pause 25/positionOffset LeahEx 0 -4/pause 25/positionOffset LeahEx 0 -4/pause 25/positionOffset LeahEx 0 -4/pause 25/positionOffset LeahEx 0 -4/pause 25/pause 200/playSound clubSmash/showFrame LeahEx 7/shake LeahEx 1000/stopAnimation farmer/speak Leah \"@'s a better man than you in every respect! $a^@'s a better person than you in every respect!$a#$b#Now get out of here and never come back!$a\"/move Leah -1 0 0/move Leah 0 -4 1/speak Leah \"Let's go, @. I don't think Kel will be bothering us any more.\"/move farmer 0 1 2/faceDirection Leah 2 true/move farmer -2 0 0/move Leah 0 -11 0 true/move farmer 0 -11 0 true/globalFade/viewport -1000 -1000/pause 1000/speak Leah \"Let's find a more secluded spot this time...$l\"/playMusic none/pause 2000/end dialogue Leah \"Well, the picnic didn't pan out like I wanted it to.$h\"",
                "fieldTripEnd": "pause 400/emote Penny 40/speak Penny \"Well, that's probably enough for today. You two run along and play.\"/speed Jas 4/move Jas 0 3 1/speed Jas 4/move Jas 9 0 3 true/faceDirection Vincent 2 true/jump Vincent/pause 800/speed Vincent 4/move Vincent 0 3 1 false/speed Vincent 4/move Vincent 9 0 1/pause 500/faceDirection Vincent 2/faceDirection Jas 2/faceDirection Penny 1/faceDirection farmer 3/speak Penny \"It's a lot of work to take care of these kids...$u#$b#But I don't really mind. I enjoy seeing them learn... and hopefully I can help them grow up to be good people.\"/faceDirection Penny 2/pause 500/faceDirection Penny 1/speak Penny \"$q -1 null#Would you ever want to be a parent, @?#$r -1 0 event_speaker_kids1#I haven't really thought about it.#$r -1 20 event_speaker_kids2#Absolutely. I want a big family.#$r -1 20 event_speaker_kids3#I guess so. It's a natural urge.#$r -1 10 event_speaker_kids4#No, I don't think I'd be good at it.#$r -1 -10 event_speaker_kids5#No, the world's crowded enough already.#$r -1 -10 event_speaker_kids6#No, I don't want to be tied down with a family.\"/viewport move 1 0 10000/pause 7000/stopMusic/globalFade/viewport -2000 -2000/speak Penny \"Well, I'm glad you showed up, @. I think the kids had a great time.$h\"/end dialogue Penny \"Thanks for making my school trip a success today.\"",
                "3910975/f Shane 1500/e 3910674/t 900 2000/w rainy": "echos/-2000 -2000/farmer 83 92 2 Shane -3000 -3000 2 Harvey -3000 -3000 2/skippable/specificTemporarySprite shaneCliffs/viewport 83 99 clamp true/pause 1000/move farmer 0 5 2/pause 500/speak Shane \"...$7#$b#@...$7\"/pause 1000/showFrame farmer 4/pause 1000/speak Shane \"I... I'm sorry...*hic*$7#$b#...$7#$b#M... My life...$7#$b#It's a pathetic joke...$7#$b#Look at me...$7#$b#...$7#$b#Why do I even try? ...*sob*$7#$b#I'm too small and stupid to... to take control of my life...$7#$b#I'm just a p... piece of soiled rubbish flittering in the wind... *bluurp*$7#$b#.........$7#$b#I've been coming here often lately... looking down... $7#$b#Here's a chance to finally take control of my life... These cliffs...$7#$b#...$7#$b#B... bu... *blaap*... but I'm too scared, too anxious. Just like always... $7\"/pause 1000/showFrame farmer 0/pause 2000/speak Shane \"@... All I do is work, sleep, and drink ...t... to dull the feelings of self-hatred.$7#$b#Why should I even go on? Tell me... T... Tell me why I shouldn't roll off this cliff right now...$7\"/pause 1000/showFrame farmer 0/pause 1000/question shaneCliffs \"#Because there's so much to live for!#Jas needs you. You're like a father to her.#It would be a sin.#The decision is your own. Just know that I'm here for you.\"/pause 500/pause 500/pause 500/pause 1000/speak Shane \"@...$7\"/pause 500/showFrame farmer 4/pause 1000/speak Shane \"...I think you should take me to the hospital now.$7\"/pause 500/showFrame farmer 0/jump farmer/pause 1500/globalFade/viewport -1000 -1000/playMusic none/changeLocation Hospital/warp farmer 16 7/playMusic Hospital_Ambient/warp Harvey 16 6/faceDirection farmer 0/specificTemporarySprite shaneHospital/viewport 16 6 true/pause 2000/speak Harvey \"...I've pumped his stomach and re-hydrated his body. He's going to be okay.#$b#It's good that you brought him in, though.\"/faceDirection Harvey 1/emote Harvey 28/speak Harvey \"Too much alcohol is terrible for the body... but right now I'm most worried about his mental health...$s#$b#When he comes to, I'll have a chat with him about his treatment options. I know an excellent counsellor in Zuzu City...\"/pause 500/faceDirection farmer 1/pause 1000/speak Harvey \"Life can be painful, sometimes...#$b#But there's always hope for a better future. You've got to believe in that.\"/pause 2000/end invisible Shane"
            }
        }
    ]
}