{
    "Changes": [
        {
            "Action": "EditData",
            "Target": "Data/Events/HaleyHouse",
            "Entries": {
                "12/f Haley 1000/p Haley": "ragtime/-1000 -1000/farmer 16 20 1 Haley 18 16 0/skippable/showFrame Haley 20/shake Haley 500/viewport 15 16 true/pause 500/shake Haley 500/pause 500/speak Haley \"Nnnnnghhh... I just can't get this jar open!$a#$b#...$s\"/pause 400/shake Haley 500/move farmer 0 -4 1/shake Haley 500/move farmer 1 0 1/pause 500/faceDirection Haley 3 true/showFrame Haley 21/emote Haley 16/speak Haley \"Oh! It's you... @, right?\"/pause 1000/speak Haley \"$q 47 null#Say... you're pretty strong, aren't you?#$r 47 30 Event_jar1#Yes#$r 47 -30 Event_jar2#No\"/faceDirection Haley 3/animate farmer false true 100 111/pause 400/playSound fishingRodBend/startJittering/pause 500/stopJittering/pause 200/playSound fishingRodBend/startJittering/pause 500/stopJittering/pause 200/playSound fishingRodBend/startJittering/pause 2000/stopJittering/playSound coin/stopAnimation farmer/animate farmer false true 100 112/jump farmer/pause 1500/pause 200/stopAnimation farmer/faceDirection farmer 1/showFrame Haley 21/speak Haley \"Hey, you did it! You're stronger than you look!$h\"/pause 400/emote farmer 12/pause 500/emote Haley 20/pause 500/speak Haley \"Thanks!$h\"/pause 500/end",
                "917409/e 463391/f Emily 1500/p Emily": "none/-1000 -1000/farmer 16 10 0 Emily 14 6 2/specificTemporarySprite EmilyBoomBox/skippable/viewport 14 6 true/move farmer 0 -2 3/move farmer -2 0 0/speak Emily \"Come in, @! I want to show you something.$h\"/pause 500/move farmer 0 -1 0/pause 500/speak Emily \"It's my secret hobby... I've been practising for months.#$b#Now, sit back, relax, and allow yourself to be carried away to a better place... okay?\"/stopMusic/pause 600/move Emily 0 -1 0/faceDirection Emily 0/pause 500/playMusic EmilyDance/pause 1240/faceDirection Emily 2 true/pause 3220/specificTemporarySprite EmilyBoomBoxStart/animate Emily false true 430 0 27/pause 6500/animate Emily false true 440 31 39/pause 6470/doAction 14 4/pause 400/specificTemporarySprite EmilySongBackLights/animate Emily false true 220 18 19 18 19 18 19 18 19 18 19 18 19 18 19 18 19 20 21 20 21 20 21 20 21 20 21 20 21 20 21 20 21 16 17 16 17 16 17 16 17 16 17 16 17 16 17 16 17 22 23 22 23 22 23 22 23 22 23 22 23 22 23 22 23/glow 0 0 255 true/pause 1000/glow 0 255 255 false/pause 1760/glow 0 0 255 false/pause 1760/glow 255 0 255 false/pause 1760/glow 255 255 0 false/pause 1760/glow 0 255 255 false/pause 1760/glow 0 255 0 false/pause 1760/glow 255 0 0 false/pause 1760/glow 0 0 255 false/pause 1000/jump Emily/glow 255 0 255 false/pause 1760/glow 0 0 255 false/pause 1760/glow 255 0 255 false/pause 1760/glow 255 255 0 false/pause 1760/glow 0 255 255 false/pause 1760/glow 0 255 0 false/pause 1760/glow 255 0 0 false/pause 1760/glow 0 0 255 false/pause 1260/animate Emily false true 440 31 39/pause 1760/glow 255 255 0/pause 1760/glow 255 0 255/pause 1760/glow 0 255 255/pause 1760/glow 255 0 0/pause 1760/glow 0 0 255/pause 1760/glow 0 255 0/pause 1760/glow 255 0 255/pause 1760/glow 255 0 255 false/stopAnimation Emily/specificTemporarySprite EmilyBoomBoxStop/faceDirection Emily 2/emote farmer 16/pause 1000/animate Emily false true 300 50 51/pause 1600/speak Emily \"$q 213 null#So... *gasp*... what did you think?$h#$r 213 25 event_dance1#That was amazing!#$r 213 -50 event_dance2#That was embarrassing...#$r 213 25 event_dance1#(Say nothing and do a slow clap)\"/emote Emily 28/speak Emily \"Phew... that was quite a workout...$u\"/pause 500/stopAnimation Emily/showFrame Emily 0/pause 1000/animate Emily false true 100 48 49/pause 1000/speak Emily \"I haven't been this sweaty since I ordered the pepper platter at Abigail's graduation fiesta!$h\"/pause 1000/stopAnimation Emily/speak Emily \"...Well, I'd better take a shower. Thanks for watching.\"/pause 500/faceDirection Emily 2/end dialogue Emily \"Don't tell anyone about the dance. That was for your eyes only.\"",
                "195012/f Haley 2500/f Emily 2500/f Penny 2500/f Abigail 2500/f Leah 2500/f Maru 2500/o Abigail/o Penny/o Leah/o Emily/o Maru/o Haley/o Shane/o Harvey/o Sebastian/o Sam/o Elliott/o Alex/e 38/e 2123343/e 10/e 901756/e 54/e 15/k 195019": "playful/-1000 -1000/farmer 8 19 1 Haley 18 18 1 Emily 19 17 2 Penny 20 17 2 Maru 21 17 2 Leah 22 18 3 Abigail 20 20 0 Pierre -1000 -1000 1/move farmer 5 0 1 true/viewport 17 19 true/move false/pause 500/startJittering/faceDirection farmer 2 true/animate farmer false true 100 94/jump farmer/pause 2000/stopAnimation farmer/showFrame farmer 0/stopJittering/playSound thudStep/faceDirection farmer 3 true/showFrame farmer 7 true/startJittering/faceDirection Haley 3 true/faceDirection Emily 3 true/faceDirection Penny 3 true/faceDirection Maru 3 true/faceDirection Leah 3 true/faceDirection Abigail 3 true/textAboveHead Haley \"Not so fast!\"/textAboveHead Abigail \"Hold it!\"/textAboveHead Leah \"Stop!\"/pause 3000/stopJittering/showFrame farmer 6 true/pause 500/faceDirection farmer 1/move farmer 3 0 1/playMusic none/emote farmer 28/pause 500/speak Abigail \"Never thought you'd find all your 'girlfriends' in one room, huh @?$a\"/pause 500/speak Leah \"I... I thought you were different than other men...$s^You tricked all of us into thinking we loved you... You're horrible...$a\"/pause 500/speak Penny \"How could you do this to us, @?$s\"/pause 500/speak Maru \"You think you're real smooth, don't you? Thought you'd sample the whole 'buffet', huh? What a sleaze...$a\"/pause 500/speak Emily \"Th... That night in the tent... you whispered such sweet things to me in the dark...$s#$b#Now I have to face each day knowing it was all a lie.$s\"/pause 500/playMusic ragtime/speak Haley \"Well, us women stick together! And we're not going to put up with this!$a^Well, we're not going to put up with your abuse any longer!$a\"/textAboveHead Leah \"That's right!\"/pause 500/speak Abigail \"Well? What do you have to say for yourself?$a\"/pause 1000/question fork1 \"#I'm sorry... what I did was wrong.#Ladies, calm down! I can explain...\"/fork choseToExplain/pause 500/textAboveHead Maru \"Hmmph...\"/pause 500/speak Abigail \"Nice try, but that's not going to cut it...$u\"/pause 1000/playMusic none/speak Haley \"...so we've come to a decision... isn't that right, girls?$u\"/pause 500/speak Penny \"...yes.$s\"/speak Leah \"Absolutely.$a\"/pause 1000/jump Haley/jump Abigail/jump Emily/jump Leah/jump Maru/jump Penny/pause 1000/speak Maru \"We're all gonna give you the cold shoulder!$a\"/faceDirection farmer 2 true/animate farmer false true 100 94/jump farmer/playSound slimedead/pause 2000/fade/viewport -2000 -2000/dump girls 3/end warpOut",
                "150938/n emilyStones": "SunRoom/-1000 -1000/farmer -100 -100 0 Emily 15 18 2 Haley 12 18 2 Abigail 14 20 2 Caroline 13 20 2 Marnie 16 20 2/skippable/positionOffset Haley 0 32/showFrame Emily 54/showFrame Marnie 35/showFrame Haley 34/hideShadow Haley true/showFrame Abigail 53/showFrame Caroline 24/addObject 14 21 66 1/addObject 16 21 70/addObject 12 19 68 1/addObject 15 19 64 1/addObject 13 21 60 1/viewport 14 19 true/pause 4000/speak Emily \"Great... everyone has their stone.#$b#Now, close your eyes, and take slow, deep breaths. Focus on your lungs.\"/pause 3000/speak Emily \"Visualise the pure energy flowing into your body with every breath.#$b#And when you exhale, feel all the tension and negative energy flowing out, leaving you more and more relaxed with every breath.\"/pause 3000/speak Emily \"Now, open your heart to the vibrational frequency of your stone. Do you feel anything?\"/pause 1000/textAboveHead Abigail \"Nope.\"/pause 2000/textAboveHead Marnie \"I do!\"/pause 2000/textAboveHead Caroline \"Relaxed\"/pause 4000/emote Haley 24/pause 1000/emote Haley 24 true/viewport move 1 -1 7000/pause 4000/fade/viewport -1000 -1000/message \"Looks like the gemstones were put to good use...\"/end"
            }
        }
    ]
}