{
    "Changes": [
        {
            "Action": "EditData",
            "Target": "Data/Events/Hospital",
            "Entries": {
                "57/f Harvey 1000/p Harvey": "sweet/-100 -100/farmer 10 19 0 Harvey 9 14 3/skippable/doAction 10 13/viewport 10 14/move farmer 0 -2 0/pause 300/faceDirection Harvey 2/speak Harvey \"Ah, @! I was just about to write you a letter.\"/faceDirection farmer 0/emote farmer 8/speak Harvey \"You see, my records indicate that you're due for your annual check-up!\"/emote farmer 28/speak Harvey \"Now, now... There's no need to worry. It'll be quick and painless. Please follow me.\"/pause 600/advancedMove Harvey false 1 0 0 -4 -5 0/move farmer 0 -7 0 false/move farmer -4 0 3 true/viewport move -1 -2 4500/proceedPosition Harvey 5 10/doAction 5 9/move Harvey 0 -5 2 false/move farmer -1 0 0 false/move farmer 0 -4 0 false/pause 500/speak Harvey \"Hmm... Okay. Hold still, please.\"/pause 2000/speak Harvey \"Say 'ahhh...'\"/pause 500/speak Harvey \"Okay, you can stop.\"/pause 600/move Harvey -1 0 0/pause 1000/showFrame Harvey 19/playSound openBox/pause 1000/showFrame Harvey 8/move Harvey 0 1 1/faceDirection farmer 3/speak Harvey \"I just need to check your vitals.\"/pause 800/animate Harvey false true 100 4 5 6 7/positionOffset Harvey 2 0/pause 50/positionOffset Harvey 2 0/pause 50/positionOffset Harvey 2 2/pause 50/positionOffset Harvey 2 2/pause 50/positionOffset Harvey 2 2/pause 50/positionOffset Harvey 2 2/pause 50/positionOffset Harvey 2 2/pause 50/positionOffset Harvey 2 2/pause 50/stopAnimation Harvey/showFrame Harvey 20/pause 150/showFrame Harvey 21/pause 1500/speak Harvey \"$q 86 null#Hmm... Your pulse is high.$u#$r 86 20 event_heart1#I'm a little nervous...#$r 86 20 event_heart2#I'm out of breath from working on the farm.#$r 86 -50 event_heart3#Are you really a doctor? My pulse is fine!\"/pause 800/showFrame Harvey 20/pause 150/showFrame Harvey 4/animate Harvey false true 100 7 6 5 4/positionOffset Harvey -2 0/pause 50/positionOffset Harvey -2 0/pause 50/positionOffset Harvey -2 0/pause 50/positionOffset Harvey -2 0/pause 50/positionOffset Harvey -2 0/pause 50/positionOffset Harvey -2 0/pause 50/positionOffset Harvey -2 0/pause 50/positionOffset Harvey -2 0/pause 50/stopAnimation Harvey/pause 1300/speak Harvey \"Well, then! You seem very healthy, @.#$b#Just make sure not to overwork yourself on that farm!\"/emote farmer 32/pause 800/move farmer 0 1 2 true/faceDirection Harvey 2 true/move farmer 0 1 2/speak Harvey \"Thanks for stopping in.$h\"/faceDirection farmer 0 true/end",
                "571102/f Harvey 2000": "Hospital_Ambient/-100 -100/farmer -200 -2000 0 Harvey 4 5 0/skippable/changeLocation HarveyRoom/showFrame Harvey 23/viewport 5 6 true/pause 1000/speak Harvey \"Hello? Hello? Is anyone out there?$9\"/pause 1300/emote Harvey 40/speak Harvey \"This is Dr. H at... 52 North 43.5 East... Seeking aerial response... Anyone out there?$9\"/pause 2000/emote Harvey 40/pause 700/playSound newArtifact/message \"Copy... Dr. H on the ground... this is Blackbird Fiver Fiver Zuzu. Anything to report?\"/showFrame Harvey 28/jump Harvey/pause 800/speak Harvey \"Someone's there!?$10#$b#Er... I mean...! Standard ground report: Wind at 3 Clicks, 36 Degrees North of West. Ground Temperature at 42 Kraggs. Humidity 53%. Dr. H out!$10\"/pause 300/playMusic kindadumbautumn/faceDirection Harvey 1 true/move Harvey 2 0 1/speak Harvey \"Yikes, my pulse is soaring...$7\"/pause 400/playSound doorClose/warp farmer 6 12/move farmer 0 -3 0/faceDirection Harvey 2/speak Harvey \"@!\"/question fork1 \"#Ask Harvey why he's all flustered.#Pretend like everything's normal.\"/fork normal/pause 500/speak Harvey \"Ah, well... You see, I was just on my radio here... and I made contact with a real pilot!\"/emote Harvey 16/speak Harvey \"As a matter of fact, we can probably see him flying overhead right now!\"/move Harvey 0 1 3/move Harvey -3 0 0/move Harvey 0 -2 0/speak Harvey \"Quick, get over here!\"/speed farmer 4/move farmer 0 -3 3/speed farmer 4/move farmer -4 0 0/speed farmer 4/move farmer 0 -2 0/speed farmer 4/speak Harvey \"Look!\"/globalFade/cutscene plane/viewport -1000 -1000/speak Harvey \"As a kid, my dream was always to be a pilot.\"/pause 1000/speak Harvey \"... But with my bad eyesight and a crippling fear of heights, that dream started to fade away.$s\"/faceDirection Harvey 3/faceDirection farmer 1/viewport 5 6 true/pause 1600/emote farmer 28/speak Harvey \"It's okay... don't be sad.#$b#I've grown to accept my station in life. Not everyone can achieve their dreams... that's just the way the world is.\"/pause 1600/speak Harvey \"Hey, let me show you my model aeroplanes. I just finished the new TR-Starbird deluxe set.$h\"/advancedMove Harvey false 0 2 16 0/faceDirection farmer 2/globalFade .003/viewport -1000 -1000/pause 500/end"
            }
        }
    ]
}