{
    "Changes": [
        {
            "Action": "EditData",
            "Target": "Data/Events/IslandNorth",
            "Entries": {
              "6497421/e 6497423/f Leo 1000/w sunny/t 600 1800/Hl leoMoved": "none/19 14/farmer 18 19 0 Leo 19 13 0/playMusic tropical_island_day_ambient/skippable/move farmer 0 -5 0/pause 1500/playSound parrot/shake Leo 500/pause 250/playSound batScreech/faceDirection farmer 2 true/startJittering/animate farmer false false 1000 94/jump farmer 8/pause 250/faceDirection Leo 2 true/animate Leo false false 1000 16/shake Leo 500/jump Leo 8/pause 250/stopJittering/faceDirection farmer 0 true/pause 3000/speak Leo \"Sorry...$u\"/speak Leo \"It's hard to remember to talk... normally...$s\"/pause 500/emote Leo 40/pause 1000/speak Leo \"You think I'm weird, don't you?$s\"/quickQuestion #Not at all#A little, but I'm used to it#(Squawk loudly)(break)pause 250\\speak Leo \"Thanks for saying that.\"(break)pause 250\\speak Leo \"Thanks, I've gotten used to you too!$h\"(break)pause 250\\startJittering\\playSound parrot\\pause 250\\stopJittering\\pause 250\\speak Leo \"Hehe... You're getting pretty good at that!$h\"/viewport move 0 -1 4000/pause 500/faceDirection Leo 1 true/pause 500/faceDirection Leo 0 true/pause 1000/playMusic sad_kid/pause 4000/speak Leo \"Sometimes I wonder how different my life would be if I had never washed up on this island...$s\"/pause 3000/speak Leo \"Back home, I didn't really care about birds. I never thought to listen to what they might be saying.$s\"/pause 1000/emote Leo 40/pause 2000/speak Leo \"Though I guess that's normal for... normal kids.$s\"/pause 1000/faceDirection Leo 1 true/pause 1000/speak Leo \"I wonder what... normal kids would have to say about me...$s\"/pause 1000/emote Leo 40/pause 1000/faceDirection Leo 2 true/pause 500/speak Leo \"Do you think I could ever be a normal kid again?$s\"/question null \"#Yes#No#Maybe...\"/pause 1000/speak Leo \"Hmmm... I guess you're right.$u\"/speak Leo \"Though living on this island has given me a lot of experiences normal kids would never have.$h\"/pause 1000/faceDirection Leo 0 true/pause 500/speak Leo \"If it weren't for the parrots... who knows what would have happened to me.\"/pause 500/emote Leo 32/pause 500/speak Leo \"I'm happy I met them. I'll always consider them to be my family, even if that makes me a little strange.$h\"/pause 500/viewport move 0 1 4000/pause 100/faceDirection Leo 2 true/move Leo 0 1 2/pause 250/faceDirection Leo 3/faceDirection farmer 1/pause 3000/speak Leo \"Anyway, thanks for talking to me, @.\"/pause 500/speak Leo \"Maybe some day, you can be a part of our family too, hehe.$h\"/pause 1000/faceDirection Leo 2 true/pause 1000/speak Leo \"Here, let me teach you how to say \\\"Let's play\\\" in parrot talk!\"/pause 500/viewport move 0 1 99999/pause 500/playSound parrot/animate Leo false false 1000 17/shake Leo 1000/pause 2000/faceDirection farmer 2 true/startJittering/playSound parrot/pause 250/stopJittering/globalFade/viewport -5000 -5000/end"
            }
        }
    ]
}