{
    "Changes": [
        {
            "Action": "EditData",
            "Target": "Data/Events/Mountain",
            "Entries": {
                "384883/f Sebastian 1000/t 1100 1700": "spring_day_ambient/-1000 -1000/farmer 12 27 1 Sebastian 18 26 2/skippable/specificTemporarySprite sebastianGarage/showFrame Sebastian 33/animate Sebastian false true 100 32 32 32 36 32 32 36 36 36 36/positionOffset Sebastian 24 16/viewport 18 25 clamp true/move farmer 5 0 0/playSound clank/move farmer 0 -1 1/pause 100/playSound clank/pause 600/playSound clank/pause 300/playSound clank/pause 800/stopAnimation Sebastian/showFrame Sebastian 35/animate Sebastian false false 100 32 33 34 35/playSound dwoop/pause 500/speak Sebastian \"Oh, hello @.$8\"/pause 800/faceDirection farmer 0/emote farmer 8/pause 400/speak Sebastian \"What, you haven't seen my motorcycle before? Hmmm... I guess I haven't shown it to you.$8\"/pause 900/showFrame Sebastian 32/animate Sebastian false false 100 35 34 33 32/pause 500/faceDirection farmer 1/animate Sebastian false true 200 32 32 32 36 32 32 36 36 36/pause 600/playSound clank/pause 600/playSound clank/pause 300/pause 800/playSound parry/pause 800/playSound clank/playMusic echos/pause 2000/glow 80 70 255 true/pause 1000/speak Sebastian \"Sometimes, after sundown, I make the long ride out of Stardew Valley...$8\"/pause 800/speak Sebastian \"There's nothing else like it, blazing along the empty stretch of road toward the faint city glow...$9\"/pause 200/playSound clank/pause 500/playSound clank/pause 200/speak Sebastian \"Once I've saved up enough money, I'm going to head out on my own... to the city and beyond. Just me and my bike.$9\"/pause 900/playSound clank/pause 900/stopAnimation Sebastian/playSound Milking/pause 1500/stopGlowing/playMusic spring_day_ambient/speak Sebastian \"There we go, oil's changed.$8\"/pause 1200/showFrame Sebastian 35/animate Sebastian false false 100 32 33 34 35/playSound dwoop/pause 1900/speak Sebastian \"$q -1 null#Hey... maybe I'll let you ride sometime, if you want.$8^Hey... maybe I'll take you for a ride some day.$8#$r -1 10 event_garage1#That sounds fun.#$r -1 -10 event_garage2#No thanks. That sounds stupid.#$r -1 0 event_garage3#I'm scared of motorcycles.\"/pause 900/viewport move 1 -1 8000/pause 4000/globalFade/viewport -1000 -1000/end",
                "384882/f Sebastian 2500/t 2000 2400": "nightTime/-1000 -1000/farmer 18 35 0 Sebastian -100 -100 0/skippable/specificTemporarySprite sebastianOnBike/viewport 17 28 clamp true/pause 1000/move farmer 0 -5 0/speak Sebastian \"Hey @. I was just about to head out.#$b#Hop on...I wanna show you something.\"/pause 1000/move farmer 0 -1 0/move farmer 1 0 0 true/globalFade/viewport -1000 -1000/warp farmer -100 -100/changeToTemporaryMap SebastianRide/ambientLight 0 0 0/specificTemporarySprite sebastianRide/viewport 15 8 true/pause 8000/globalFade/viewport -1000 -1000/changeToTemporaryMap SebastianMountain/ambientLight 0 0 0/warp farmer 15 18/warp Sebastian 16 18/positionOffset farmer 0 16/playMusic spaceMusic/viewport 15 14 clamp true/pause 10000/faceDirection Sebastian 3/speak Sebastian \"That's Zuzu City in the distance...\"/pause 600/faceDirection Sebastian 0/speak Sebastian \"I come here when I want to get away from everything and just... think.\"/pause 1000/faceDirection Sebastian 1/pause 600/animate Sebastian false true 110 16 17 18 19 20 21 21 21 21 21 21 21 21 22 23 16 16 16 16 16 16 16 16 16 16 16 16 16 16 16 16 16 16/pause 1000/faceDirection farmer 1/pause 1800/faceDirection farmer 0/pause 800/speak Sebastian \"$q -1 null#So, what do you think?#$r -1 0 event_city1#It's beautiful.#$r -1 10 event_city2#It gives me a strange, sad feeling.#$r -1 -10 event_city3#Kind of ugly.#$r -1 0 event_city4#You should quit smoking.\"/stopAnimation Sebastian/pause 600/faceDirection Sebastian 0/pause 3000/speak Sebastian \"The city used to draw me in... but now I'm finding myself happier at home in the valley.\"/pause 500/pause 900/speak Sebastian \"@...?$s#$b#Um... I've never... felt anything like this with another guy before... but you're different.$l^I don't usually bring girls to this place... in fact, you're the only one.$l#$b#You know what I'm trying to say, don't you?$l\"/pause 700/faceDirection farmer 1/emote Sebastian 40/pause 800/faceDirection Sebastian 3/pause 2000/showFrame Sebastian 40/pause 600/positionOffset Sebastian -2 0/pause 100/positionOffset Sebastian -2 0/pause 100/positionOffset Sebastian -2 0/pause 100/positionOffset Sebastian -2 0/pause 100/positionOffset Sebastian -2 0/pause 100/positionOffset Sebastian -2 0/pause 100/positionOffset Sebastian -2 0/pause 100/positionOffset Sebastian -2 0/pause 100/positionOffset Sebastian -2 0/pause 100/positionOffset Sebastian -2 0/pause 100/positionOffset Sebastian -2 0/pause 100/positionOffset Sebastian -2 0/pause 100/showFrame 101/pause 4000/viewport move 1 -1 6000/pause 6000/globalFade/viewport -1000 -1000/changeLocation Mountain/pause 4000/end position 18 26",
                "371652/f Linus 2000/w sunny/t 600 1700/a 12 26": "sweet/18 32/farmer -1000 -1000 2 Robin -1000 -1000 2 Linus 23 33 1/skippable/animate Linus false true 250 20 21/pause 3000/doAction 24 33/pause 500/doAction 24 33/pause 800/doAction 24 33/pause 1000/stopAnimation Linus/move Linus -2 0 0/move Linus 0 -1 1/animate Linus false true 250 20 21/pause 500/doAction 22 32/pause 900/doAction 22 32/pause 200/doAction 22 32/pause 1200/stopAnimation Linus/move Linus -6 0 0/move Linus 0 -5 0 true/viewport move 0 -1 4000/move false/move Linus -2 0 3/warp Robin 12 26/playSound doorClose/pause 400/showFrame Robin 19/textAboveHead Robin \"Eep!\"/shake Robin 500/pause 500/faceDirection Linus 0/showFrame Robin 0/pause 1 500/warp farmer 11 26/playSound doorClose/faceDirection Linus 3/pause 500/move farmer 0 1 1/pause 1000/speak Robin \"Oh... it's Linus, right?$s\"/emote Robin 40/speak Robin \"Are you hungry? I could make you some lunch... how about some leftover cave carrot stew?\"/pause 500/speak Linus \"That's very nice of you, but no thanks! I've had great luck foraging today.$h\"/pause 1000/speak Robin \"Heh... okay.$5\"/pause 500/faceDirection Robin 3/pause 500/speak Robin \"@? You look like you have something to say...\"/pause 500/question fork0 \"#I'm just pleased that Linus is doing well...#I'd like to invite Linus to live on the farm with me...\"/pause 100/fork linusWell/faceDirection Robin 2 true/textAboveHead Robin \"Wow!\"/showFrame Linus 22/jump Linus/pause 2000/showFrame Linus 0/pause 1000/showFrame Linus 0/faceDirection Robin 2/speak Robin \"That's really generous! What a great idea! I can build a real cosy house for you, Linus.$h\"/move Robin 0 1 1/speak Robin \"You'll finally have running water, heat, a roof over your head... just like the rest of us! Isn't that wonderful, Linus?\"/playMusic spring_day_ambient/pause 1000/showFrame Linus 19/pause 1000/speak Linus \"Er...$s#$b#Um... No, thanks.$s\"/playSound thudStep/showFrame Robin 19/positionOffset Robin 0 -8/pause 40/positionOffset Robin 0 -8/pause 40/positionOffset Robin 0 -8/pause 40/positionOffset Robin 0 -8/pause 40/positionOffset Robin 0 -8/pause 40/positionOffset Robin 0 -8/pause 40/positionOffset Robin 0 -8/pause 40/positionOffset Robin 0 -8/playSound woodWhack/textAboveHead Robin \"Whaa..?\"/pause 1000/emote farmer 8/emote Linus 28/playMusic echos/speak Linus \"I appreciate the kindness... I really do...$s#$b#But... I've told you before... I choose to live this way...\"/pause 500/showFrame Linus 0/move Linus 0 1 2/pause 500/speak Linus \"I like to be alone most of the time... I like the quiet sounds... moving with the rhythm of nature...#$b#It's a way of life that I'm comfortable with. I don't ever want to change that.\"/showFrame Linus 0/pause 500/move Linus 0 -1 3/faceDirection Linus 3/showFrame Robin 0/pause 1000/speak Robin \"I guess I never thought about it that way...$5\"/move Linus 0 1 3/move Linus -2 0 0/faceDirection farmer 2/playMusic spring_day_ambient/speak Linus \"@... I cherish our friendship very much. And I know you do, too.$h#$b#But... You don't need to try and 'help' me... I know best how to live my own life... okay?\"/move Linus -2 0 3/faceDirection farmer 3/faceDirection Robin 3/emote farmer 60/speak Linus \"...can you smell that? It's the sweet aroma of ripe berries...$h\"/jump Linus/speed Linus 4/move Linus -4 0 3/move Linus 0 -10 0 true/fade/viewport -2000 -2000/pause 2000/end",
                "5183338/e 3917666/O Maru/w sunny/t 2200 2500": "nightTime/-1000 -1000/farmer 23 29 3 Maru 14 29 3/skippable/changeToTemporaryMap NightSceneMaruMap2 false/bgColor 0 0 0/ambientLight 0 0 0/viewport 14 25 true clamp/pause 1000/move farmer -8 0 3/faceDirection Maru 1/pause 800/showFrame Maru 32/pause 700/showFrame Maru 4/speak Maru \"Hey, @. You made it just in time... the comet's about to appear.\"/pause 500/faceDirection Maru 2/pause 1000/faceDirection farmer 2/pause 1000/speak Maru \"Beautiful night, isn't it?\"/pause 2000/faceDirection Maru 1/faceDirection farmer 3/pause 1000/speak Maru \"Remember the first time we did this? It was a while ago...\"/faceDirection Maru 2/speak Maru \"I almost revealed my true feelings on that night... but I was afraid you'd reject me.\"/faceDirection Maru 1/speak Maru \"Who knew we'd be married so soon after!$h\"/pause 500/emote farmer 20/pause 500/jump Maru/pause 400/speak Maru \"Oh! It's time...\"/faceDirection Maru 3/faceDirection farmer 3 true/showFrame Maru 28/emote Maru 40/pause 1000/textAboveHead Maru \"Wow!\"/pause 3000/showFrame Maru 12/move Maru 0 1 0/speak Maru \"Take a look!\"/pause 500/move farmer -1 0 3/pause 1000/animate farmer true true 100 35/pause 1000/fade/viewport -1000 -1000/pause 1000/playMusic spaceMusic/warp Maru 15 29/faceDirection Maru 3/cutscene marucomet/pause 1000/viewport 14 25 true clamp/pause 3000/stopAnimation farmer/pause 1000/faceDirection farmer 1/pause 500/speak Maru \"After seeing a comet, it's customary to make a wish...\"/pause 500/quickQuestion What will you wish for?#A new baby#For us to grow old together#More money(break)jump Maru\\pause 500\\speak Maru \"Oh! We can certainly try...$l\"\\emote Maru 20(break)emote Maru 20\\speak Maru \"That's... really sweet!$l#$b#I have the same wish.$l\"(break)speak Maru \"Money? Oh...$s#$b#Well I guess that would be practical...$8\"\\emote Maru 28\\speak Maru \"My wish is a little more romantic...\"/pause 2000/animate Maru false true 100 28/animate farmer false true 100 101/positionOffset farmer 16 0/specificTemporarySprite heart 15 29/pause 2000/specificTemporarySprite maruTelescope/viewport move 0 -1 13000/pause 16000/fade/viewport -1000 -1000/pause 3000/end newDay",
                "9333219/O Sebastian/f Sebastian 3500/w rainy/t 600 1900": "rain/48 36/farmer 49 31 2 Sebastian 50 36 3/makeInvisible 44 31 5 5/addConversationTopic sebastianFrog 0/skippable/move farmer 0 4 2/faceDirection Sebastian 0/speak Sebastian \"Hey @... glad you showed up.\"/emote farmer 8/faceDirection Sebastian 3/speak Sebastian \"There's an injured frog in that bush... I gotta save him!\"/emote farmer 28/faceDirection Sebastian 0/speak Sebastian \"I need your help. Go over to the bush and try to get him to come towards me. I'll wait over here and catch him.\"/pause 500/faceDirection Sebastian 3/move farmer -5 0 2/pause 500/showFrame Sebastian 54/playSound grassyStep/pause 500/speak Sebastian \"Okay... you ready?\"/emote farmer 56/textAboveHead Sebastian \"Now!\"/pause 500/doAction 44 36/pause 1000/doAction 44 36/pause 1000/doAction 44 36/playSound croak/specificTemporarySprite sebastianFrog/pause 10000/playSound coin/showFrame Sebastian 55/jump Sebastian/textAboveHead Sebastian \"Got him!\"/move farmer 5 0 2/move farmer 0 1 1/speak Sebastian \"Poor little guy... his foot's all mangled. $s\"/emote farmer 28/quickQuestion #What should we do with him?#It's our new son...#I don't think he's going to make it#Let's nurse him back to health!(break)speak Sebastian \"I'm gonna take him home for now, and make him comfortable.#$b#I guess I'll do some research on how to take care of frogs. Maybe Marnie knows something.\"(break)speak Sebastian \"Hah... Yeah, I guess so.$h#$b#He's definitely got your nose...$7\"\\faceDirection farmer 2 true\\jump farmer\\showFrame farmer 94\\startJittering(break)emote Sebastian 12\\speak Sebastian \"Well, sorry if I don't take your word for it... I'm gonna give the poor guy a chance.\"(break)speak Sebastian \"We'll do our best. But don't get too attached just yet...\"/pause 300/stopJittering/stopAnimation farmer/faceDirection farmer 1/pause 500/speak Sebastian \"Let's take him home.\"/pause 500/playSound croak/pause 2000/end"
            }
        }
    ]
}