{
    "Changes": [
        {
            "Action": "EditData",
            "Target": "Data/Events/Railroad",
            "Entries": {
                "528052/f Harvey 2500/t 900 1700/n harveyBalloon": "playful/26 38/Harvey 24 41 0 farmer 24 50 0/skippable/move farmer 0 -8 0/faceDirection Harvey 2/speak Harvey \"There you are... just in time!$l\"/faceDirection Harvey 0/jump Harvey/pause 800/speak Harvey \"Look, here it comes!$8\"/emote farmer 8/move Harvey -1 0 1/move farmer -2 0 0/move farmer 0 -1 1/addTemporaryActor Marcello 16 32 25 19 2 true/positionOffset Marcello 36 558/animate Marcello false true 400 16 17/specificTemporarySprite marcelloLand/null/pause 1000/stopAnimation Marcello/pause 500/message \"Marcello's Balloon Rentals at your service!\"/pause 1000/positionOffset Marcello -4 0/pause 20/positionOffset Marcello -4 0/pause 20/positionOffset Marcello -4 0/pause 20/positionOffset Marcello -4 0/pause 20/positionOffset Marcello -4 0/pause 20/positionOffset Marcello -4 0/pause 20/positionOffset Marcello -4 0/pause 20/positionOffset Marcello -4 0/pause 20/positionOffset Marcello -4 0/pause 20/jump Marcello 12/move Marcello 0 3 3/move Marcello -2 0 0/faceDirection Harvey 2/faceDirection farmer 2/message \"Marcello: It's all yours for two hours.\"/faceDirection Marcello 3/faceDirection Marcello 2/message \"Marcello: Now... I was told there's a saloon somewhere around here?\"/move Marcello 0 9 1/warp Marcello -100 -100/faceDirection farmer 1/faceDirection Harvey 3/pause 500/speak Harvey \"I saw an advert in the paper for these balloon rides and I knew I had to surprise you with one.\"/pause 800/question fork1 \"#This looks fun! Let's ride!#...But aren't you afraid of heights?\"/fork afraid/pause 500/speak Harvey \"Okay... you first.$l\"/pause 400/move farmer 0 1 1/faceDirection Harvey 1/move farmer 3 0 0/move farmer 0 -1 0/jump farmer 14/move farmer 0 -1 2/move Harvey 0 1 1/move Harvey 3 0 0/move Harvey 0 -1 0/jump Harvey 14/move Harvey 0 -1 2/pause 1000/showFrame Harvey 29/pause 300/playSound openBox/pause 300/showFrame Harvey 0/pause 400/playSound furnace/playMusic none/cutscene balloonDepart/viewport move 0 -1 6000/pause 2000/showFrame Harvey 30/jump Harvey 5/shake Harvey 7000/pause 7000/globalFade/viewport -2000 -2000/playMusic 50s/pause 2000/cutscene clearTempSprites/changeToTemporaryMap HarveyBalloon/cutscene balloonChangeMap/viewport -2000 -2000/warp farmer 22 36/warp Harvey 22 36/positionOffset farmer 24 570/positionOffset Harvey 96 554/positionOffset farmer -8 -8/positionOffset Harvey -24 -8/showFrame Harvey 32/pause 1000/shake Harvey 19000/viewport 23 39 clamp true/viewport move 0 -1 17000/pause 18000/faceDirection farmer 1/showFrame Harvey 33/pause 1000/jump Harvey/showFrame Harvey 30/pause 800/showFrame Harvey 12/animate Harvey false true 100 12 13 14 15/positionOffset Harvey -4 2/pause 30/positionOffset Harvey -4 2/pause 30/positionOffset Harvey -4 2/pause 30/positionOffset Harvey -4 2/pause 30/positionOffset Harvey -4 2/pause 30/positionOffset Harvey -4 2/pause 30/positionOffset Harvey -4 2/pause 30/positionOffset Harvey -4 2/pause 30/stopAnimation Harvey/showFrame Harvey 31/positionOffset Harvey -4 0/playSound fishSlap/eyes 1 -2000/pause 2000/speak Harvey \"We... We're up so high... *gulp*$8\"/shake Harvey 2000/pause 800/speak Harvey \"I wanted to impress you with this... but look at me. I'm a trembling coward.$7\"/emote Harvey 28/pause 500/speak Harvey \"Well, you've got more than enough courage to make up for me, @... that's... that's part of why I like you.$11\"/pause 1000/speak Harvey \"Okay, I'm going to open my eyes and look down... don't let go of my hand.$4\"/pause 800/positionOffset Harvey 4 -2/pause 30/positionOffset Harvey 4 -2/pause 30/positionOffset Harvey 4 -2/pause 30/positionOffset Harvey 4 -2/pause 30/positionOffset Harvey 4 0/pause 30/positionOffset Harvey 4 0/pause 30/faceDirection farmer 2/showFrame Harvey 0/pause 500/showFrame Harvey 33/pause 500/shake Harvey 4000/pause 500/showFrame Harvey 30/pause 2000/showFrame Harvey 33/pause 3500/speak Harvey \"I... I think I can do it now.$8\"/specificTemporarySprite balloonBirds/faceDirection farmer 2/pause 3000/faceDirection Harvey 1/faceDirection farmer 1/emote farmer 16 true/emote Harvey 16/pause 4000/faceDirection farmer 0/faceDirection Harvey 2/pause 10000/speak Harvey \"Hey, this is incredible! I think I can see Mayor Lewis standing in the town square!$h\"/faceDirection farmer 2/pause 3000/speak Harvey \"Oh dear... our time's almost up.$s\"/pause 400/faceDirection Harvey 3/faceDirection farmer 1/playMusic none/pause 500/speak Harvey \"Um... @? We've known each other for a while now and... I... er...$11\"/playMusic musicboxsong/pause 400/faceDirection Harvey 2/pause 500/faceDirection Harvey 3/speak Harvey \"...$11\"/specificTemporarySprite balloonBirds 2/pause 1000/showFrame Harvey 31/pause 500/showFrame 101/positionOffset Harvey -1 0/pause 30/positionOffset Harvey -1 -2/pause 30/positionOffset Harvey -1 -2/pause 30/positionOffset Harvey -1 0/pause 30/positionOffset Harvey -1 0/pause 30/positionOffset Harvey -1 0/pause 30/positionOffset Harvey -1 0/pause 30/positionOffset Harvey -1 0/pause 30/pause 5000/globalFade/viewport -1000 -1000/pause 2000/speak Harvey \"Whoops... Our time was up half an hour ago. We'd better touch down.$l\"/pause 2000/end dialogue Harvey \"I haven't had such a wonderful day for as long as I can remember.$l\""
            }
        }
    ]
}