{
    "Changes": [
        {
            "Action": "EditData",
            "Target": "Data/Events/Saloon",
            "Entries": {
                "96/f Gus 1000/f Pam 500/p Gus": "jaunty/10 21/farmer -100 -100 0 Gus 10 21 2 Pam -101 -101 0/skippable/pause 200/emote Gus 28/pause 500/playSound doorClose/warp farmer 14 24/pause 500/faceDirection Gus 1 true/move farmer 0 -3 3/speak Gus \"Oh, hello there, buddy.^Hi, @.\"/pause 500/faceDirection Gus 2/move farmer -3 0 2/pause 800/faceDirection farmer 3/pause 400/emote farmer 8/pause 700/speak Gus \"*sigh*... I'm just looking over last month's earnings... and It's not looking very good, @.$s#$b#The worst thing... and I hate to say this because she's my friend... is Pam! She hasn't paid off her tab in weeks!$s#$b#...But I can't ask her to do it. I know she'll get defensive, and I don't want to hurt her feelings.$s\"/pause 600/faceDirection Gus 1/speak Gus \"@, you gotta help me!$s\"/stopMusic/pause 500/playSound doorClose/warp Pam 14 24/move Pam 0 -3 3/faceDirection Gus 1 true/faceDirection farmer 1/emote Gus 16/speak Pam \"Hiya!$h#$b#Gus... I'm awful thirsty, if you catch my drift.\"/emote Gus 28/speak Gus \"Er... Well, okay Pam.$s\"/emote Gus 28/pause 700/emote Pam 8/pause 400/speak Pam \"$q 207 null#@, what's going on here?#$r 207 -50 event_credit1#You need to pay your tab right now!#$r 208 15 event_credit2#The saloon isn't doing well, financially\"/pause 400/faceDirection Pam 1/emote Pam 12/speak Pam \"....$u#$b#*sigh* ...Well, I guess I'd better pay off that tab, then.$s\"/move Pam -2 0 0/move Pam 0 -1 3/move Pam -2 0 2/faceDirection Gus 0/faceDirection farmer 3/playSound money/pause 500/speak Gus \"Thanks, Pam!$h\"/pause 500/faceDirection Gus 1/speak Gus \"And thank you, @.$u\"/pause 500/faceDirection Gus 0/speak Gus \"Now, let's get you that drink, Pam.$h\"/friendship Gus 50/end dialogue Gus \"Thanks for your help, @. This cash is going to be a big help to the saloon.\"",
                "97/f Clint 750/t 1900 2300/d Tue Wed Thu Fri Sat Sun": "none/4 18/farmer 14 24 0 Clint 4 19 2 Emily 10 11 0 Gus 15 18 1 Shane 7 18 1/skippable/move farmer 0 -3 3/emote Clint 28/pause 500/move Clint 0 -1 3/move Clint -3 0 0/pause 500/playSound openBox/pause 150/playSound shiny4/pause 400/playMusic desolate/move Clint 3 0 2/move Clint 0 1 2/move farmer -3 0 0/move farmer 0 -1 3/faceDirection Shane 2 true/move farmer -3 0 3/faceDirection Shane 1 true/move farmer -3 0 3/faceDirection Clint 1/speak Clint \"Hello, @... care to join me?\"/pause 400/faceDirection farmer 0/pause 800/faceDirection farmer 3/faceDirection Clint 2/speak Clint \"Let me just go ahead and tell you what's on my mind.$u#$b#I have terrible luck with women, @... *sigh*$s#$b#I'm a nice guy if you get to know me, I swear!$u\"/pause 500/faceDirection farmer 0/emote farmer 28/pause 500/faceDirection farmer 3/speak Clint \"The girls all seem to like you, @...^You're a girl, @...\"/speak Clint \"$q 211 null#Got any tips?^What advice can you give me?#$r 211 25 event_advice1#Impress women with your strength and charm#$r 211 25 event_advice1#Act crazy, to keep people guessing#$r 211 0 event_advice2#Just act natural... be yourself#$r 211 25 event_advice1#Treat women the same as men\"/speed Emily 4/move Emily -6 0 2/speed Emily 2/move Emily 0 4 2/doAction 4 16/playSound openBox/stopMusic/move Emily 0 3 1/move Emily 1 0 2/move Emily 0 1 3/pause 400/pause 700/speak Emily \"Hi Clint, what can I get for you tonight?$h\"/pause 600/faceDirection Clint 1/pause 200/speak Clint \"Yes!\"/pause 300/speak Clint \"Er.. I mean, I'll have the Big n' Cheesy. With extra sauce, please.$s#$b#...$u\"/faceDirection Clint 3/faceDirection Emily 2/pause 300/faceDirection Clint 2/speak Emily \"Hi @.\"/pause 300/faceDirection farmer 0/faceDirection Clint 1/speak Clint \"Er... *ahem* Th...Thanks, Emily. For... taking my order.#$b#Um, Emily? I was...*gulp*... I was wondering...$h\"/pause 300/faceDirection Emily 3/emote Emily 8/pause 400/speak Emily \"Yes, Clint?$u\"/pause 500/emote Clint 28/pause 1200/speak Clint \"... never mind.$s\"/faceDirection Clint 0/playMusic sadpiano/pause 300/faceDirection Emily 2/pause 300/faceDirection Emily 3/pause 500/move Emily 0 -1 1/move Emily 1 0 1/faceDirection Shane 3/speak Emily \"Hi, Shane! Here's your beverage.$h\"/pause 300/faceDirection Shane 1/pause 400/addObject 8 17 346 1/playSound woodyStep/pause 400/faceDirection Shane 3/pause 300/faceDirection Clint 1/speak Shane \"Thanks, Emily!$h#$b#So... How's your shift coming along?\"/speak Emily \"It's fine! Thanks for asking, Shane!$h#$b#Do you have any new chicken stories for me?\"/pause 600/emote Clint 28/pause 500/faceDirection Clint 2/pause 800/speak Clint \"*sigh*$s#$b#I'm doomed...$s\"/end warpOut",
                "rejectJosh": "pause 100/playMusic none/shake Alex 2000/emote Alex 28/speak Alex \"... Oh...$s#$b#I... I'm sorry if I made you uncomfortable...$s\"/pause 2000/speak Alex \"I'm not hungry any more...$s\"/viewport move 1 1 5000/globalFade/viewport -1000 -1000/pause 4000/end dialogue Alex \"...$l\"",
                "195099/f Shane 2500/f Sebastian 2500/f Sam 2500/f Harvey 2500/f Alex 2500/f Elliott 2500/o Abigail/o Penny/o Leah/o Emily/o Maru/o Haley/o Shane/o Harvey/o Sebastian/o Sam/o Elliott/o Alex/e 911526/e 528052/e 9581348/e 43/e 384882/e 233104/i 446/k 195013": "playful/-1000 -1000/farmer 27 19 1 Sam 36 20 1 Sebastian 37 19 2 Harvey 39 19 2 Shane 40 17 2 Elliott 41 19 2 Alex 42 20 3/animate Shane false true 200 20 20 20 20 20 20 20 20 20 20 21 22 23 24 24 24 24 23 22 21 20 20 20 20/pause 1000/message \"For some reason, you decide to place your hand in your pocket...\"/pause 500/message \"You touch the rabbit's foot, and feel a sense of relief...\"/move farmer 5 0 1 true/viewport 37 19 true/move false/pause 500/faceDirection Sam 3 true/faceDirection Elliott 3 true/faceDirection Harvey 3 true/faceDirection Alex 3 true/faceDirection Shane 3 true/faceDirection Sebastian 3 true/textAboveHead Sam \"Hey!\"/textAboveHead Alex \"What's up?\"/textAboveHead Shane \"Oh, hey\"/pause 2000/move farmer 3 0 1/emote farmer 32/pause 500/speak Harvey \"You showed up just in time for the first ever Pelican Town 8-ball tournament!\"/pause 500/speak Elliott \"Don't worry, I've never played before, either.$h\"/pause 500/speak Shane \"It's easy, you just have to put some mustard on the cue ball...$h\"/pause 500/fade/viewport -1000 -1000/pause 1500/message \"You played a round of pool with the boys.\"/pause 1000/message \"Sebastian won, of course... but it was still a lot of fun!\"/pause 500/end",
                "wewereworried": "emote farmer 40/faceDirection Marnie 1/pause 1000/faceDirection Shane 2/emote Shane 12/speak Shane \"I'm your husband... you should trust me. I've always been honest with you about my problems.$a#$b#Look... I know I haven't been able to quit cold turkey... but, I'm trying my best... and I'm getting a lot healthier.#$b#My life is better now than it's ever been. I'm not in such a dark place any more...\"/pause 500/emote Marnie 20 true/emote farmer 20 true/pause 1300/faceDirection Shane 0/speak Shane \"You know, when I'm playing this game, I become so focused that I can't think about anything else. It really helps when I've got 'the urge'...\"/faceDirection Shane 2/speak Shane \"Anyway... I'll just... eh... play ONE more round and head home. Okay?\"/pause 500/emote farmer 32/pause 1000/end dialogue Shane \"You guys must have been really confused when you came in and saw me in front of the arcade machine!$h\"",
                "3206194/n gusGiantOmelet": "distantBanjo/-1000 -1000/farmer -100 -100 02 Gus 10 21 2 Willy 13 21 3 Lewis 8 22 1 Robin 9 20 2 Pam 11 20 2 Marnie 9 23 0/skippable/specificTemporarySprite staticSprite LooseSprites\\\\Cursors2 145 193 32 28 10 20.75 8 .15/viewport 11 21 true/pause 3000/speak Gus \"Well, folks... once again, we're gathered for a very special occasion.\"/pause 500/speak Gus \"...A rare visit from a very dear friend...\"/pause 500/jump Gus/pause 400/speak Gus \"...My world-famous giant omelette!$h#$b#Zesty bell pepper, juicy tomato, rich mushroom, and tangy cheese... all enrobed in a blanket of rich, fluffy egg. Dig in, folks.\"/move Marnie 1 0 0/move Willy -1 0 3/move Lewis 1 0 1/showFrame Lewis 28/playSound coin/showFrame Willy 32/showFrame Robin 37/showFrame Pam 36/pause 600/shake Lewis 600/playSound eat/pause 600/shake Pam 600/playSound eat/pause 800/shake Robin 600/playSound eat/pause 600/shake Pam 400/playSound eat/pause 700/faceDirection Gus 1/speak Gus \"Willy? What do you think?\"/pause 400/textAboveHead Willy \"Hmm...\"/pause 700/shake Willy 400/playSound eat/pause 600/shake Willy 400/playSound eat/pause 600/speak Willy \"The mushrooms are a tad chewier than last year...\"/pause 400/speak Gus \"Is that a good thing?$s\"/pause 400/playSound eat/shake Willy 400/pause 600/playSound eat/shake Willy 400/pause 600/playSound eat/shake Willy 400/pause 800/playSound gulp/pause 1300/textAboveHead Willy \"Aye, lad\"/pause 300/jump Gus/pause 400/emote Gus 32/pause 1000/speak Pam \"It's great Gus. And it tastes even better because it's on the house!$h\"/faceDirection Gus 2/speak Robin \"These eggs are so rich and yellow... Marnie, are these from your place?\"/faceDirection Gus 3/speak Gus \"Nope... You can thank @ over at %farm Farm!\"/emote Lewis 20 true/emote Marnie 20 true/emote Robin 20 true/emote Pam 20 true/emote Willy 20 true/pause 1000/speak Marnie \"Mmmm... %farm eggs.\"/pause 200/textAboveHead Lewis \"Mmph..\"/faceDirection Gus 2/viewport move 1 0 7000/pause 500/playSound eat/shake Robin 400/pause 1000/playSound eat/shake Lewis 400/pause 1000/playSound eat/shake Marnie 400/pause 1000/fade/viewport -1000 -1000/end"
            }
        }
    ]
}