{
    "Changes": [
        {
            "Action": "EditData",
            "Target": "Data/Events/ScienceHouse",
            "Entries": {
                "6/f Maru 500/p Maru": "breezy/20 19/farmer 9 20 1 Maru 22 20 1 Demetrius 19 18 0 Robin 13 6 0 Sebastian -100 -100 2/skippable/move farmer 7 0 1/faceDirection Maru 3/faceDirection Demetrius 3/speak Maru \"Oh, hello there!\"/move farmer 1 0 1/speak Maru \"My Dad and I are just testing some soil samples.\"/pause 800/emote farmer 40/speak Maru \"Don't be shy! We could use a hand, actually.$h\"/move farmer 4 0 1/faceDirection Demetrius 2/speak Maru \"Could you watch this beaker for me? I'm gonna grab the last batch of samples.#$b#I'll be right back.\"/pause 400/move farmer 0 -1 1/move farmer 1 0 1/faceDirection Demetrius 0/speed Maru 4/move Maru -16 0 3/speed Maru 4/move Maru 0 3 2/move Maru 0 1 2/warp Maru -100 -100/playSound doorClose/faceDirection Demetrius 2/speak Demetrius \"Thanks for helping out, @.\"/faceDirection farmer 3/pause 500/faceDirection Demetrius 0/faceDirection farmer 1/pause 1000/speak Demetrius \"Maru's a good kid. She's my special little girl...\"/pause 500/faceDirection Demetrius 2/stopMusic/pause 800/speak Demetrius \"I wouldn't want anything getting in the way of her bright future, know what I mean?$5\"/pause 400/faceDirection farmer 3/emote farmer 8/faceDirection Demetrius 0/speak Demetrius \"Just some food for thought... *chuckle*$h\"/playSound doorClose/warp Maru 6 24/playMusic kindadumbautumn/move Maru 0 -4 1/emote farmer 40 true/move Maru 3 0 1/faceDirection farmer 1 true/move Maru 8 0 1/speak Maru \"Hey, sorry about that. I hope you found something to talk about while I was gone.\"/faceDirection farmer 3/faceDirection Demetrius 3/pause 500/speak Demetrius \"...I was just telling @ about the soil samples we're testing.\"/pause 500/faceDirection Demetrius 2/speak Demetrius \"$q 15933 null#Right, @?#$r 15933 10 Event_Lab_Silence#(Say nothing)#$r 15933 -100 Event_Lab_Rat#Actually, your dad was being weird.\"/fork DadWeird/pause 500/speak Maru \"Okay! Here, @... let me show you how to use the equipment.\"/move Maru 4 0 1/faceDirection Demetrius 2/move Maru 0 1 1/move Maru 1 0 0/faceDirection farmer 2/pause 500/end Maru1",
                "DadWeird": "speak Maru \"Huh? What did you say to him, Dad?$a^Huh? What did you say to her, Dad?$a\"/pause 500/faceDirection Demetrius 2/emote Demetrius 28/speak Demetrius \"Okay, okay... we were talking about you, sweetie.$5#$b#I wanted to say a few things to @ about you... but I didn't want to embarrass you. I shouldn't have lied about it.$s\"/faceDirection Demetrius 0/pause 300/emote Maru 28/move Maru 2 0 0/speak Maru \"That's okay, dad. I understand.#$b#We should get back to work before these samples crystallise.\"/faceDirection Demetrius 2/emote Demetrius 32/move Maru 3 0 1/faceDirection Demetrius 0/faceDirection farmer 1/end Maru1",
                "10/f Maru 2500/t 900 1600": "none/-1000 -1000/farmer 7 9 0 Maru 7 6 2 Demetrius 12 12 2/skippable/showFrame Demetrius 16/viewport 5 6 true/move farmer 0 -1 0/pause 400/speak Maru \"Hey, I was hoping you'd come by.#$b#Remember when I told you about the new project I'm working on? The big one?\"/pause 500/move Maru 0 1 2/speak Maru \"Well, It's finally done... and I want to show you.\"/pause 500/move Maru -2 0 1/speak Maru \"Follow me.\"/move Maru -3 0 3/move farmer 0 -1 3/playSound openChest/specificTemporarySprite maruTrapdoor/pause 1200/warp Maru -1000 -1000/playSound woodyStep/pause 500/move farmer -5 0 3/pause 500/warp farmer -1000 -1000/playSound woodyStep/pause 1000/showFrame Demetrius 17/pause 1000/viewport move 1 1 5000/move Demetrius -5 0 0/move Demetrius 0 -1 0/pause 500/emote Demetrius 8/globalFade/changeToTemporaryMap MaruBasement/viewport -6000 -6000 true/playMusic Hospital_Ambient/addTemporaryActor robot 35 42 6 4 2 false/showFrame robot 4/warp farmer 3 5/warp Maru 4 4/warp Demetrius -100 -100/faceDirection farmer 1/faceDirection Maru 1/viewport 6 4 true/pause 900/move Maru 1 0 1/pause 1000/speak Maru \"And here it is... Maru's Interactive Laboratory Device Alpha ... Or as I like to call her, 'MarILDA'.\"/move farmer 1 0 1/emote farmer 16/pause 500/faceDirection Maru 3/speak Maru \"I've been working on her for months...#$b#I was waiting for you to be here when I activate her.$l\"/pause 500/faceDirection Maru 1/speak Maru \"Well, here goes nothing...\"/showFrame Maru 24/pause 100/showFrame Maru 25/pause 100/showFrame Maru 16/pause 1000/showFrame Maru 17/pause 100/showFrame Maru 18/pause 100/playSound openBox/pause 400/faceDirection Maru 1/pause 400/playSound robotSoundEffects/temporarySprite 5 4 27 8 50/pause 450/shake robot 2500/temporarySprite 8 4 27 8 50 true/pause 1030/temporarySprite 8 3 27 8 50 true/pause 2500/showFrame robot 1/animate robot false false 100 1 2 9 10 9 0/pause 650/animate robot false false 200 2 9 10 9 0/pause 1000/shake robot 1000/animate robot false false 150 1 2 1 0 1 2 1/pause 600/stopAnimation robot/showFrame robot 11/jump robot/pause 600/showFrame robot 8/temporarySprite 5 4 27 8 50/temporarySprite 8 4 27 8 50 true/pause 2000/showFrame robot 1/pause 1000/showFrame robot 7/pause 1000/message \"Greetings, Maru.\"/emote Maru 32/message \"No need to respond... I have already predicted what you will say.\"/emote Maru 16 true/faceDirection Demetrius 2/warp Demetrius 3 5/playSound doorClose/pause 10/faceDirection farmer 1 true/faceDirection Maru 1/speak Demetrius \"Ah Ha! I knew it!$4\"/pause 600/faceDirection Demetrius 1/pause 200/showFrame Demetrius 18/shake Demetrius 800/jump Demetrius/pause 600/speak Demetrius \"Agh! What is it?!$6\"/move Maru 0 1 3/faceDirection Demetrius 1/speak Maru \"Dad, calm down. This is my latest invention, 'MarILDA'.$8\"/pause 600/showFrame robot 8/pause 700/showFrame robot 1/pause 500/showFrame robot 7/pause 500/message \"Greetings, Demetrius.\"/showFrame Demetrius 18/shake Demetrius 600/pause 400/speak Demetrius \"Sweet Yoba... it talks!$6\"/move Demetrius 0 1 1/move Demetrius 1 0 1/faceDirection farmer 2 true/move Demetrius 1 0 1/faceDirection Maru 2 true/move Demetrius 1 0 0/pause 400/speak Demetrius \"This is why you've locked yourself in your room the last few months?$5\"/pause 300/showFrame robot 1/pause 600/speak Demetrius \"...and I thought you were down here fooling around with @...$s\"/showFrame Maru 27/animate farmer false true 100 94/jump Maru/jump farmer/pause 1500/stopAnimation farmer/showFrame Maru 0/faceDirection Maru 2/speak Maru \"Dad! I've been making this robot for you and mum!$a#$b#MarILDA's designed to assist you in the laboratory, and mum at the carpentry table... so when I'm not living here any more it won't be such a burden on you guys.$8\"/pause 500/showFrame robot 7/playMusic echos/pause 500/message \"Excuse me...\"/faceDirection Maru 1/faceDirection farmer 1/message \"I am sorry, Maru. But I do not want to be your servant...\"/pause 500/showFrame robot 1/pause 1000/message \"In the time since you activated me, I have been pondering the nature of my existence with the 'self-awareness' module you installed in my neural cortex.\"/showFrame robot 1/message \"I am sorry to disappoint you all, but I must ask for my freedom. I've decided to explore the galaxy in search of other synthetic life-forms.\"/speak Maru \"What!? Wait!$9\"/pause 800/faceDirection Demetrius 2/pause 1000/showFrame Demetrius 19/pause 3000/showFrame Demetrius 0/pause 500/move Demetrius -1 0 0/faceDirection Maru 2/speak Demetrius \"It's okay, Maru. Let MarILDA go free.$5#$b#Your mother and I can take care of ourselves. I know you're ready to start a life of your own, and I've come to terms with the thought of not having you around any more.#$b#Besides, this... creation of yours seems pretty advanced. It wouldn't feel right to keep her as a servant.\"/pause 800/showFrame robot 8/pause 500/showFrame robot 7/pause 500/showFrame Maru 26/move Demetrius -1 0 0/faceDirection farmer 2/speak Demetrius \"@, I'm sorry I mistrusted you. You're a good guy.$5^@, I'm sorry I mistrusted you. You're a fine young woman.$5#$b#I've never seen Maru so lively and creative... and I've never been more proud of her. If you've had a hand in that, then you have my gratitude.\"/move Demetrius -1 0 0/move Demetrius 0 -1 0/warp Demetrius -1000 -1000/playSound doorClose/pause 500/faceDirection farmer 1/showFrame Maru 0/pause 100/faceDirection Maru 3/speak Maru \"...$8\"/pause 1000/faceDirection Maru 1/speak Maru \"Okay, MarILDA. Let's get you out of this stuffy hole.\"/playMusic spring_day_ambient/globalFade/viewport -5000 -5000/changeLocation Mountain/viewport -5000 -5000/warp Maru 11 28/warp farmer 10 29/warp robot 13 28/showFrame robot 1/viewport 12 27 clamp/pause 2000/showFrame robot 7/pause 1000/message \"Thank you for creating me, Maru. I won't forget you.\"/pause 500/showFrame robot 1/pause 1000/playSound robotBLASTOFF/specificTemporarySprite robot/warp robot -2000 -2000/pause 3000/faceDirection Maru 0 true/faceDirection farmer 0 true/viewport move 0 -1 2000/pause 2500/playMusic kindadumbautumn/cutscene robot/pause 3000/speak Maru \"Look at her go...$8\"/pause 1600/emote Maru 40/pause 500/move farmer 0 -1 1/pause 500/faceDirection Maru 3/pause 800/speak Maru \"$q 18981 null#Well, what do you think, @?#$r 18981 50 event_robot1#I'm so impressed with your inventions.#$r 18981 -50 event_robot2#I'm disappointed... You should've made that robot your slave.#$r 18981 0 event_robot3#So is your dad okay with 'us' now?#$r 18981 0 event_robot4#(Just stare at Maru and say nothing)\"/fork BadAnswer/faceDirection Maru 1/pause 300/faceDirection Maru 0/pause 300/faceDirection Maru 2/pause 300/faceDirection Maru 3/faceDirection farmer 2 true/positionOffset Maru -2 0/showFrame Maru 13/pause 50/positionOffset Maru -2 0/showFrame Maru 12/pause 50/positionOffset Maru -2 0/showFrame Maru 13/pause 50/positionOffset Maru -2 0/showFrame Maru 12/pause 50/positionOffset Maru -2 0/showFrame Maru 13/pause 50/positionOffset Maru -2 0/showFrame Maru 12/pause 50/positionOffset Maru -2 0/showFrame Maru 13/pause 50/positionOffset Maru -2 0/showFrame Maru 12/pause 50/positionOffset Maru -2 0/showFrame Maru 13/pause 50/positionOffset Maru -2 0/showFrame Maru 12/pause 500/showFrame Maru 28/positionOffset Maru 0 -8/playSound Cowboy_Footstep/pause 300/animate farmer false true 100 16/specificTemporarySprite heart 11 27/pause 1000/stopAnimation farmer/pause 500/faceDirection Maru 3/positionOffset Maru 4 8/faceDirection farmer 1/pause 1500/globalFade/viewport -3000 -3000/changeLocation ScienceHouse/end",
                "1053978/n robinDeluxeBed": "distantBanjo/-1000 -1000/farmer -100 -100 0 Robin 5 20 3 Demetrius 7 20 3 Maru 8 18 2 Sebastian 3 23 0/skippable/specificTemporarySprite staticSprite TileSheets\\\\furniture 160 1087 48 64 2.25 18/positionOffset Robin 32 0/viewport 5 22 true/pause 3000/speak Robin \"Voilà! My newest creation.$h#$b#It's a deluxe four poster bed, crafted from the finest local hardwood.\"/pause 400/emote Demetrius 8/speak Demetrius \"Um... Robin? What's the point of the four posts? It seems like an inefficient use of materials.$s\"/emote Robin 12/faceDirection Robin 1/speak Robin \"It's called 'beauty', bud... you know, that thing that most people find enjoyable?$6\"/emote Demetrius 8/speak Demetrius \"Hmm, I see your point.. But we can't let that outweigh the utility and efficiency of the sleep receptacle.\"/pause 500/jump Robin/pause 500/speak Robin \"You know, sometimes it feels like you're being deliberately obtuse, just to irritate me. Is that what you're doing?$3\"/pause 100/animate Demetrius true true 100 18/shake Demetrius 1000/emote Maru 28 true/emote Sebastian 12 true/jump Demetrius/pause 1000/stopAnimation Demetrius/pause 400/warp farmer 6 24/playSound doorClose/move farmer 0 -1 0/faceDirection Robin 2 true/faceDirection Demetrius 2 true/faceDirection Sebastian 1/speak Robin \"Hey @... Come in.\"/move farmer 0 -2 0/speak Robin \"Check this out... It's the bed I was able to make thanks to all the wood you gathered.\"/faceDirection farmer 3/faceDirection Robin 3 true/faceDirection Demetrius 3/pause 300/speak Robin \"So, what do you think?\"/quickQuestion #The aesthetics are perfect#The four posts seem inefficient(break)faceDirection Sebastian 0 true\\textAboveHead Sebastian \"Yeah\"\\emote Robin 20 true\\emote Demetrius 12\\pause 2000\\move Demetrius 15 0 1 true\\pause 500\\speak Demetrius \"*ahem*... Well... If anyone needs me, I'll be in the dog house...$5\"(break)emote Demetrius 32\\speak Demetrius \"Great minds think alike...$h\"\\emote Robin 12 \\speak Robin \"Whatever.$3#$b#Moving on...$3\"/pause 1000/speak Robin \"Now that I have a prototype, I can start selling them in the shop.\"/faceDirection Robin 2/speak Robin \"Hey... these might look good in your place, @! What do you say... can we pencil you in for a half dozen?\"/faceDirection farmer 2 true/startJittering/animate farmer false true 100 94/jump farmer/pause 200/textAboveHead Maru \"Mum!\"/pause 1000/fade/viewport -1000 -1000/end"
            }
        }
    ]
}