{
    "Changes": [
        {
            "Action": "EditData",
            "Target": "Data/Events/Sewer",
            "Entries": {
                "691039/f Dwarf 50/n CF_Sewer": "Overcast/16 13/farmer -1000 -1000 0 Dwarf 14 13 1 Krobus 18 13 3 Wizard -1000 -1000 2/skippable/pause 500/emote Dwarf 12/speak Dwarf \"A Shadow Person, above ground? This is outrageous!#$b#Your people were responsible for the death of my entire family.\"/move Krobus -1 0 3/emote Krobus 12/playSound shadowpeep/speak Krobus \"If you dwarfs hadn't driven us from our ancestral home, we'd never have had to resort to violence!#$b#I'm sorry about your family.\"/move Dwarf 1 0 1/speak Dwarf \"'Sorry' isn't going to cut it.\"/jump Dwarf/pause 500/animate Dwarf false true 50 4 5 6 7/jump Krobus/pause 500/animate Krobus false true 50 12 13 14 15/pause 1000/playSound throw/positionOffset Dwarf 4 0/positionOffset Krobus -4 0/pause 30/positionOffset Dwarf 4 0/positionOffset Krobus -4 0/pause 30/positionOffset Dwarf 4 0/positionOffset Krobus -4 0/pause 30/positionOffset Dwarf 4 0/positionOffset Krobus -4 0/pause 30/positionOffset Dwarf 4 0/positionOffset Krobus -4 0/pause 30/positionOffset Dwarf 4 0/positionOffset Krobus -4 0/pause 30/positionOffset Dwarf 4 0/positionOffset Krobus -4 0/pause 30/positionOffset Dwarf 4 0/positionOffset Krobus -4 0/pause 30/positionOffset Dwarf 4 0/positionOffset Krobus -4 0/pause 30/positionOffset Dwarf 4 0/positionOffset Krobus -4 0/pause 30/positionOffset Dwarf 4 0/positionOffset Krobus -4 0/pause 30/positionOffset Dwarf 4 0/positionOffset Krobus -4 0/pause 30/positionOffset Dwarf 4 0/positionOffset Krobus -4 0/pause 30/positionOffset Dwarf 4 0/positionOffset Krobus -4 0/pause 30/positionOffset Dwarf 4 0/positionOffset Krobus -4 0/pause 30/shake Dwarf 500/playSound clubhit/jump Krobus/pause 500/shake Krobus 500/playSound clubSmash/jump Dwarf/pause 500/shake Dwarf 250/pause 250/playSound hitEnemy/pause 250/shake Krobus 250/playSound shadowHit/pause 500/faceDirection farmer 0 true/animate farmer false true 500 13 14/warp farmer 16 9/playSound stoneStep/shake Dwarf 250/pause 250/playSound hitEnemy/pause 250/playSound stoneStep/positionOffset farmer 0 16/shake Krobus 250/playSound shadowHit/pause 500/playSound stoneStep/positionOffset farmer 0 16/shake Dwarf 250/pause 250/playSound hitEnemy/pause 250/positionOffset farmer 0 16/shake Krobus 250/playSound shadowHit/pause 500/playSound stoneStep/positionOffset farmer 0 16/shake Dwarf 250/pause 250/playSound hitEnemy/pause 250/playSound stoneStep/positionOffset farmer 0 16/shake Krobus 250/playSound shadowHit/pause 500/positionOffset farmer 0 16/shake Dwarf 250/pause 250/playSound hitEnemy/pause 250/playSound stoneStep/positionOffset farmer 0 16/shake Krobus 250/playSound shadowHit/pause 500/playSound stoneStep/positionOffset farmer 0 16/warp farmer 16 11/faceDirection farmer 2/pause 300/showFrame farmer 94/jump farmer/startJittering/pause 1000/stopJittering/speed farmer 6/showFrame 0/move farmer 0 2 2 true/pause 300/shake Dwarf 1000/shake Krobus 1000/playSound clubSmash/positionOffset Dwarf -16 0/positionOffset Krobus 16 0/pause 30/positionOffset Dwarf -16 0/positionOffset Krobus 16 0/pause 30/positionOffset Dwarf -16 0/positionOffset Krobus 16 0/pause 30/positionOffset Dwarf -16 0/positionOffset Krobus 16 0/pause 30/showFrame farmer 0/pause 500/faceDirection farmer 3/faceDirection farmer 1/faceDirection farmer 2/speak Dwarf \"Let me at him! He's despicable.\"/speak Krobus \"Come and get it, shrimpy.\"/playMusic none/pause 1000/playSound wand/screenFlash 3/showFrame Wizard 16/warp Wizard 16 16/pause 2000/showFrame Wizard 0/pause 500/faceDirection Wizard 1 true/pause 50/faceDirection Wizard 0/pause 800/showFrame Wizard 17/screenFlash .35/playSound flameSpellHit/shake Wizard 500/specificTemporarySprite wizardSewerMagic/stopAnimation Krobus/stopAnimation Dwarf/faceDirection Krobus 2 true/faceDirection Dwarf 2 true/shake Krobus 1000/shake Dwarf 1000/pause 1000/speak Wizard \"Silence! Both of you!\"/pause 500/showFrame Wizard 8/playSound dwop/pause 1000/playMusic Upper_Ambient/speak Wizard \"The Elemental Wars have long been finished. You have no reason to be fighting any longer.#$b#The two of you must make peace for the sake of the humans that live around you. Surely you can see that.\"/pause 1000/faceDirection Dwarf 3 true/faceDirection Krobus 1 true/pause 500/emote Dwarf 40 true/emote Krobus 40 true/pause 3000/speak Dwarf \"Very well. I'll stay away from the sewer from now on.\"/faceDirection farmer 3/faceDirection Dwarf 1/pause 500/faceDirection farmer 1/pause 500/faceDirection Krobus 3/speak Krobus \"...And I'm truly sorry about the past, Dwarf. I have no personal gripe with you.\"/pause 1000/faceDirection farmer 2 true/faceDirection Dwarf 2 true/faceDirection Krobus 2 true/pause 1000/speak Wizard \"Very good. I shall cast a 'Seal of Promise' to finalise this agreement.\"/pause 1000/faceDirection Wizard 3 true/playSound dwop/pause 50/faceDirection Wizard 2/pause 1500/showFrame Wizard 16/playSound yoba/specificTemporarySprite WizardPromise/pause 3000/speed farmer 2/move farmer 0 -2 2/emote farmer 40/pause 800/end"
            }   
        }
    ]
}