{
    "Changes": [
        {
            "Action": "EditData",
            "Target": "Data/Events/Sunroom",
            "Entries": {
                "719926/t 900 1700/w sunny": "spring_day_ambient/-885 8/farmer -500 -500 0 Caroline 5 7 1/mail CarolineTea/skippable/specificTemporarySprite sunroom/viewport 5 8 true/pause 1000/showFrame Caroline 22/doAction 6 7/pause 500/doAction 6 7/pause 1000/showFrame Caroline 4/pause 500/warp farmer 5 13/playSound doorClose/move farmer 0 -4 0/faceDirection Caroline 2/pause 100/speak Caroline \"Oh, hi! Good morning, @. I'm glad you came in...#$b#I've been meaning to show you this... it's my private sun room.\"/pause 500/pause 500/speak Caroline \"So, what do you think?\"/pause 500/quickQuestion #It's beautiful!#It's very relaxing.#It's too hot in here...#Not as good as my farm!(break)pause 100\\speak Caroline \"Thank you! I've worked very hard to make it this way...$h\"(break)pause 100\\speak Caroline \"Yes... when I step in here, I feel calm and relaxed right away. It's really therapeutic!\"(break)pause 100\\speak Caroline \"Oh? I find the warmth soothing, myself.$s#$b#It feels better if you keep still.\"(break)emote Caroline 16\\pause 100\\speak Caroline \"Oh, but you're a professional... For me, it's just a hobby.\"/pause 500/faceDirection Caroline 1/speak Caroline \"You see, this is my sanctuary... a place where I can always find peace...\"/pause 300/faceDirection Caroline 2/speak Caroline \"And it's a perfect place to drink my home-grown tea! Here, let's have a cup...\"/pause 300/playSound coin/showFrame Caroline 20/pause 1000/playSound sipTea/showFrame Caroline 21/pause 500/showFrame Caroline 20/pause 500/playSound sipTea/showFrame Caroline 21/pause 500/showFrame Caroline 20/pause 500/playSound gulp/pause 1000/quickQuestion Have a cup?#Yes#No(break)farmerEat 614\\pause 1000(break)pause 100\\speak Caroline \"Sure, no problem...\"/pause 500/faceDirection farmer 0/playSound sipTea/showFrame Caroline 21/pause 500/showFrame Caroline 20/textAboveHead Caroline \"Delicious\"/playMusic SunRoom/pause 1500/speak Caroline \"I love to come in here for a fresh cup of tea every day.#$b#It's my little ritual... #$b#Uh... let me try to explain...$h\"/fade/viewport -1000 -1000/pause 1000/cutscene greenTea/pause 1000/viewport 5 8 true/pause 1000/speak Caroline \"I hope that makes sense... #$b#Life can be pretty hectic, so having a hobby like this is nice.\"/pause 150/showFrame Caroline 0/pause 200/speak Caroline \"Feel free to come here and relax any time you want, okay?\"/emote farmer 32/pause 1000/move farmer 0 4 2 true/fade/viewport -5000 1000/pause 1000/end warpOut"
            }   
        }
    ]
}