{
    "Changes": [
        {
            "LogName": "Edit Data/Events/Town",
            "Action": "EditData",
            "Target": "Data/Events/Town",
            "Entries": {
                    "4/f Abigail 1500/t 2100 2400/w sunny": "nightTime/-4442 39/farmer 47 95 0 Abigail 47 87 0 Pierre 52 91 3/skippable/addLantern 735 46 86 1/specificTemporarySprite abbyGraveyard/faceDirection Abigail 2/animate Abigail false true 500 24 27/viewport 47 87 true/pause 4000/move farmer 0 -4 0/pause 500/animate Abigail false false 150 24 25 24 26 0/pause 700/stopAnimation Abigail 0/pause 1500/emote farmer 8/pause 600/animate Abigail false true 100 28 29/pause 1200/stopAnimation Abigail/pause 500/playMusic echos/speak Abigail \"I guess you're wondering why I'm in the graveyard at this hour...\"/pause 500/move farmer 0 -1 0/pause 400/speak Abigail \"Well, I'm here because it's the best place in town to find some privacy.\"/pause 500/emote Abigail 40/pause 250/faceDirection Abigail 1/pause 400/speak Abigail \"And I'm all sweaty because I've been practising my swordsmanship.$l\"/emote farmer 16/pause 400/faceDirection Abigail 2/pause 300/speak Abigail \"Hey! What... you think I'm too weak to swing a blade?$a\"/pause 300/faceDirection Abigail 3/pause 500/faceDirection Abigail 2/speak Abigail \"Sorry, I guess I'm getting a little defensive.$8#$b#You see, I want to explore the mountain caves... But I know it's too dangerous to go there unarmed.\"/move farmer 0 -2 0/speak Abigail \"$q 847951 null#You've used a sword before, haven't you?#$r 847951 10 Event_Grave1#Yes, and it's exciting!#$r 847951 10 Event_Grave2#Yes, but only in self-defence#$r 847951 -100 Event_Grave3#Yes, but it's dangerous. You should stay safe.#$r 847951 0 Event_Grave4#No\"/faceDirection Abigail 0/pause 2000/playMusic nightTime/speak Pierre \"Abigail?!$4\"/pause 100/faceDirection Abigail 2 true/faceDirection farmer 2 true/emote Abigail 16/speak Abigail \"Dad?$7\"/move Pierre -3 0 0/move Pierre 0 -4 3/faceDirection Abigail 1/faceDirection farmer 1/speak Pierre \"I've been looking all over for you! Your mother wants you to come home and help with dinner!$u\"/pause 300/faceDirection Pierre 2/pause 700/faceDirection Pierre 1/pause 700/faceDirection Pierre 3/pause 500/speak Pierre \"What are you doing in the graveyard, anyway? This is no place for a young lady!$u\"/faceDirection Abigail 3/emote Abigail 12/pause 400/faceDirection Abigail 1/speak Abigail \"Mind your own business! You think I should be at home cooking dinner because I'm a girl, don't you?!$a\"/speak Abigail \"You're really stuck in the past, Dad... $a\"/showFrame Pierre 16/textAboveHead Pierre \"...!\"/faceDirection Abigail 2/speak Abigail \"Let's get out of here, @.$a\"/showFrame Pierre 0/move Abigail -1 0 2 true/faceDirection farmer 3/move Abigail 0 2 2/faceDirection farmer 2 true/move Abigail 0 3 2 true/faceDirection Pierre 2 true/pause 1000/pause 500/faceDirection Abigail 0/speak Abigail \"Well, are you coming or not?$u\"/pause 600/faceDirection farmer 1/pause 1000/move farmer 0 8 2 true/move Abigail 0 4 1 false/move farmer 8 0 2 true/move Abigail 8 0 2 true/textAboveHead Pierre \"Come back!\"/globalFade/viewport -4000 0/pause 400/playSound grassyStep/pause 500/playSound grassyStep/pause 300/playSound leafrustle/pause 700/playSound leafrustle/pause 700/message \"Okay, my dad won't find us here...\"/speak Abigail \"*sigh*... Can you believe my parents were ever young? They don't understand my perspective at all.$8#$b#I know, I know... they grew up in a different era, with different values. It still ticks me off sometimes, okay?$u\"/pause 1000/speak Abigail \"Well, thanks for hearing me out @.#$b#Um, now could you help untangle my hair from this bush?$h\"/pause 500/playSound grassyStep/pause 300/playSound leafrustle/pause 500/playSound grassyStep/pause 200/playSound grassyStep/pause 400/playSound leafrustle/pause 300/playSound leafrustle/pause 600/end",
                    "831125/f Shane 1750/f Clint 500/f Emily 500/t 1000 1600/w sunny": "spring_day_ambient/-100 -100/farmer 30 87 0 Shane 30 81 1 Clint 34 81 1 Emily 35 81 3/skippable/showFrame Shane 16/move farmer 0 -5 1 true/viewport 34 82 true/pause 800/speak Shane \"Okay guys, do you remember your lines?$u\"/faceDirection Clint 3/pause 300/speak Emily \"Yes!\"/emote Clint 28/faceDirection Clint 1/pause 500/speak Shane \"Ready? Action!$u\"/pause 1500/speak Emily \"I thought we had something special... I guess I was wrong.$s\"/pause 500/speak Clint \"I... I... Uh...\"/emote Shane 12/playMusic playful/speak Shane \"Cut!\"/speak Clint \"I'm sorry!$s\"/faceDirection Clint 3/speak Clint \"It's hard to remember my lines when her face is right in front of me like that...$s\"/emote Emily 8 true/emote Shane 8/pause 500/showFrame Shane 17/pause 500/jump Shane/pause 800/speak Shane \"Oh, hey.\"/faceDirection farmer 0/speak Shane \"Check out my new camera...#$b#Joja Co. is having a video advertisement competition. The prize is 10,000g.\"/showFrame Shane 16/pause 500/emote Shane 16/showFrame Shane 17/pause 500/speak Shane \"Hey! I want you to be in this shot... okay?#$b#Just walk by Clint and Emily in the background while they're talking... It'll give the scene a little more authenticity.\"/jump farmer/pause 800/move farmer 0 2 1 false/showFrame Shane 16/move farmer 8 0 0/faceDirection Clint 1/speak Shane \"Okay... Ready?#$b#Action!$u\"/playMusic sadpiano/speak Emily \"I thought we had something special... You said you wouldn't leave me for anything. I guess that was a lie.$s\"/move farmer 0 -8 2 true/pause 500/speak Clint \"No! It's not like that... This is just something I have to do. It's very important to me.\"/playMusic none/faceDirection Clint 2/pause 1000/playMusic ragtime/faceDirection Clint 1/speak Clint \"I've just got to try new 'Joja Bluu' cola.$5#$b#It's got three times the sorbitol for a thick, sweet blast. And it's cheaper than water!$5\"/pause 600/speak Emily \"But... But... Isn't cola unhealthy? You promised me...$s\"/pause 600/speak Clint \"Have no fear, my dear. The world-class science team at Joja Headquarters have determined that 'Joja Bluu' does not cause a significant erosion of the stomach lining. So you can drink it whenever you like, as much as you like.$5#$b#The real question is... 'When will YOU turn bluu?'... *glug* *glug*... Ahh...$5\"/playMusic spring_day_ambient/speak Shane \"Cut!\"/faceDirection Clint 3/move Shane 3 0 1 false/speak Shane \"That was perfect.\"/move Shane 0 -1 1/faceDirection Clint 2 true/move Shane 5 0 0/speak Shane \"Thanks for the help. $h\"/move farmer 0 2 2/faceDirection Clint 2/pause 1000/speak Emily \"...Clint?$s\"/pause 500/faceDirection Shane 3/faceDirection farmer 3/pause 500/playSound coin/showFrame Clint 39/shake Clint 3000/pause 2000/end dialogue Shane \"What a productive day... I got some great footage.\"",
                    "2481135/f Alex 1000/t 900 1600": "sweet/-1000 -1000/farmer 44 65 1 Alex 50 68 1/skippable/specificTemporarySprite joshDog/viewport 53 67 true/pause 3000/speak Alex \"That's a good boy, Dusty.\"/pause 2000/speak Alex \"You might be the only one around here who understands me.$s#$b#No one else has seen the kind of stuff you and I have.$s\"/faceDirection Alex 2/pause 700/emote Alex 28/playSound leafrustle/move farmer 6 0 2/pause 500/faceDirection Alex 0/jump Alex/pause 800/speak Alex \"@! Did you overhear me talking?$7\"/move farmer 0 1 2/question fork1 \"#Yes, I heard everything.#Not really... why?\"/fork didntHear/pause 500/faceDirection Alex 2/pause 1000/showFrame Alex 27/pause 600/playMusic desolate/emote Alex 28/speak Alex \"I don't really like to talk about it, but I guess I'll explain...$s\"/pause 1000/showFrame Alex 0 true/faceDirection Alex 0/pause 500/speak Alex \"Have you ever wondered why I live with my grandparents?$s#$b#You see, my father wasn't a good guy... He... Well, he ruined everything for me and my mum.$a#$b#Half the time he was gone... The other half he'd drink all night and tell me I'm worthless, that I'd never amount to anything.$a#$b#I think he resented me for being young... Bitter because he'd wasted his youth doing nothing and had gotten nowhere in life.\"/faceDirection Alex 1/speak Alex \"Well... that's my take on it, anyway. Who knows what was going on in his mind.$a\"/pause 800/speak Alex \"One day he left, and soon after that mum got sick and passed away. I had no choice but to move in with my grandparents.$s\"/move farmer 0 1 1/pause 3000/emote Alex 40/faceDirection Alex 0/playMusic spring_day_ambient/speak Alex \"You seem like someone I can trust... That's why I'm telling you this, @. I don't want any sympathy.$s#$b#If there's one good thing about my past, it's that it made me strong.\"/pause 500/faceDirection farmer 2/pause 500/speak Alex \"Now... let me show you what Dusty will do for a barbecued steak.$h\"/faceDirection Alex 1/faceDirection farmer 1/showFrame Alex 26/specificTemporarySprite joshSteak/playSound dwop/pause 500/pause 500/speak Alex \"Ha! Look at him slobbering. I think he might like steak as much as I do.$h\"/playSound dogWhining/pause 3000/globalFade/viewport -1000 -1000/end",
                    "didntHear": "pause 400/pause 100/faceDirection Alex 1/speak Alex \"Oh... I was talking to Dusty.#$b#He and I have a lot in common, actually.$s\"/faceDirection Alex 2/pause 1000/showFrame Alex 27/pause 600/playMusic desolate/emote Alex 28/speak Alex \"I don't usually like to talk about it... But we've been friends for a while now and I think I can trust you.$s\"/pause 1000/faceDirection Alex 0/pause 500/speak Alex \"Have you ever wondered why I live with my grandparents?$s#$b#My father wasn't a good guy... He... Well he ruined everything for me and my mum.$a#$b#Half the time he was gone... The other half he'd drink all night and tell me I'm worthless, that I'd never amount to anything.$a#$b#I think he resented me for being young... Bitter because he'd wasted his youth doing nothing and had gotten nowhere in life.$a\"/faceDirection Alex 1/speak Alex \"Well... that's my take on it, anyway. Who knows what was going on in his mind.$a\"/pause 800/speak Alex \"One day he left, and soon after that mum got sick and passed away. I had no choice but to move in with my grandparents.$s\"/move farmer 0 1 1/pause 3000/emote Alex 40/faceDirection Alex 0/playMusic spring_day_ambient/pause 500/faceDirection farmer 2/pause 500/speak Alex \"You know what? There's no sense dwelling on this stuff... I don't want any sympathy from anyone.#$b#You have to look on the positive side of things... My childhood wasn't great, but it did make me strong. I had to be.\"/pause 1000/speak Alex \"Here, let me show you what Dusty will do for a barbecued steak.$h\"/faceDirection Alex 1/faceDirection farmer 1/showFrame Alex 26/specificTemporarySprite joshSteak/playSound dwop/pause 500/pause 500/speak Alex \"Ha! Look at him slobbering. I think he might like steak as much as I do.$h\"/playSound dogWhining/pause 3000/end",
                    "45/f Sam 1500/t 1200 1600/w sunny": "breezy/-1000 -1000/farmer 20 93 3 Sam 12 90 2 Lewis 28 78 1/skippable/showFrame Sam 25/move Lewis 0 12 3 true/viewport 22 89 true/specificTemporarySprite samSkate1/null/pause 400/faceDirection farmer 1/showFrame Lewis 24/shake Lewis 8000/jump Lewis/showFrame Sam 35/specificTemporarySprite skateboardFly/jump Sam/pause 1000/speak Lewis \"Hey! What do you think you're doing? That's private property!$4\"/textAboveHead Lewis \"Sam!\"/pause 500/speak Sam \"Uh... Er... I... I'm sorry, sir.$8\"/showFrame Sam 4/emote Lewis 12/showFrame Lewis 12/pause 800/speak Lewis \"*sigh*... The youth these days... Sometimes I wonder if this town isn't doomed.$u\"/move farmer 0 -2 1/move farmer 6 0 1/faceDirection Sam 2/pause 500/move Lewis 0 1 3/speak Lewis \"You saw what happened, @. What do you have to say about this?\"/pause 600/question null \"#You're right, sir. Sam should respect private property.#Don't blame Sam. There's nowhere else for him to ride!#I'm staying out of this.\"/pause 500/splitSpeak Sam \"Fine! I just won't ride my skateboard ever again. Happy?$a~Exactly! If there was a park in town, I could ride there and everyone would be happy.~Hmmph. Alright.$a\"/faceDirection Lewis 2/emote Lewis 12/splitSpeak Lewis \"You're being difficult, Sam. I have no problem with you riding around town, just try not to cause any damage! It's that simple.~Hmmph. I thought you were more mature than this, @.$4~I'll let it slide this time, Sam. But I don't want to see you doing this any more.\"/faceDirection Lewis 3/splitSpeak Lewis \"Got it?~Sam... I'm sorry I yelled at you. Just please try not to damage anything in the future. Got it?~Got it?\"/faceDirection Sam 1/pause 800/faceDirection Sam 0/emote Sam 28/pause 500/faceDirection Sam 1/speak Sam \"Yes, sir.$7\"/pause 600/move Lewis 0 -16 0 true/pause 800/faceDirection Sam 2/pause 800/speak Sam \"...Did you see that trick, though? That was rad.$u\"/faceDirection farmer 0/emote farmer 16/pause 800/end",
                    "53/e 55/t 1500 1700": "none/-100 -100/farmer 28 57 1 Evelyn 37 58 3 Gus 30 56 2 Pam 31 56 2 Vincent 27 55 2 Jas 26 55 2 George 37 59 3 Leah 32 61 1 Shane 34 61 3 Robin 27 61 1 Demetrius 28 61 3 Emily 30 58 2 Clint 31 59 3 Harvey 34 57 2 Lewis 35 59 3 Marnie 35 58 3 Elliott 31 63 3 Maru 33 57 2 Sebastian 35 62 1 Abigail 35 63 1 Sam 36 61 2 Penny 37 62 3 Pierre 32 65 1 Caroline 33 65 3 Linus 28 64 1 Haley 28 59 1 Alex 28 58 1/specificTemporarySprite leahShow/skippable/animate LeahEx false true 100 4 5/viewport 33 60 true/move farmer 1 0 1/faceDirection Sebastian 2 true/faceDirection Alex 0 true/move farmer 1 0 1/faceDirection Sebastian 1 true/faceDirection Maru 3 true/move farmer 2 0 1/faceDirection Alex 1 true/faceDirection Maru 2 true/move farmer 0 1 2/faceDirection Shane 0 true/faceDirection Emily 2 true/move farmer 0 1 2/faceDirection Shane 3 true/move farmer 0 1 2/faceDirection Emily 0/move Shane 1 0 2/faceDirection Leah 0/speak Leah \"@! You're here!$h#$b#Okay... I guess I'd better introduce my pieces. Wish me luck!$l\"/pause 300/faceDirection Leah 2/pause 800/faceDirection Leah 1/faceDirection Leah 2/faceDirection Leah 3/faceDirection Leah 2/speak Leah \"Umm... Okay everyone!\"/faceDirection Sebastian 3 true/faceDirection Emily 1/faceDirection Demetrius 1 true/faceDirection Elliott 0/faceDirection Pierre 0 true/faceDirection Caroline 0 true/faceDirection Shane 3/faceDirection Sam 3 true/faceDirection Abigail 3/speak Leah \"Thanks for coming to my art show.$l\"/faceDirection Leah 1/speak Leah \"As some of you know, I came to this town because I wanted to draw inspiration from the beautiful surroundings.\"/faceDirection Leah 3/speak Leah \"This place really feels like home now.$h#$b#Okay. I'm going to introduce my sculptures now.\"/playMusic jaunty/move Leah -3 0 0/faceDirection farmer 3 true/faceDirection Marnie 3 true/faceDirection Linus 0 true/faceDirection Emily 3 true/faceDirection Demetrius 0/move Leah 0 -1 0/speak Leah \"I haven't named this one, yet. She started out as an exercise in human anatomy, but I ended up seeing her through to completion.#$b#Her expression is intentionally unclear... is she embarrassed, amused, pained? I'll leave that for you to decide.\"/pause 1500/move Leah 0 1 2/faceDirection Demetrius 2 true/faceDirection Haley 2 true/faceDirection farmer 2/faceDirection Emily 2 true/faceDirection Clint 2 true/pause 500/speak Leah \"This one's called 'Post-Dimensional Nullspace'. It represents the boundary of human imagination.$u#$b#The shape and colour came to me vividly when I was in a 'trance state'.\"/pause 1500/move Leah 3 0 2/faceDirection Linus 1 true/faceDirection Demetrius 1 true/move Leah 0 1 1/faceDirection Haley 1/speak Leah \"I've been calling this one 'Egg Heads'. I wanted to create an animatronic humanoid statue to toy with the viewer's ability to properly attribute personhood to a physical entity. \"/pause 1500/move Leah 0 -1 0/pause 300/faceDirection Leah 2/speak Leah \"And the last one is called 'Wood Sculpture 3'. It's a celebration of my favourite sculpting material... wood.\"/faceDirection Leah 3/faceDirection Leah 1/faceDirection Leah 2/speak Leah \"Well, those are my sculptures!$l#$b#Oh! One last thing.\"/faceDirection Leah 0/speak Leah \"I'd like to say thanks to my special friend, @.#$b#He gave me the idea for this show and the courage to go through with it. I know that sounds cheesy, but it's true.^She gave me the idea for this show and the courage to go through with it. I know that sounds cheesy, but it's true.\"/faceDirection Emily 1/faceDirection Shane 3 true/faceDirection Haley 1/faceDirection Elliott 3/pause 400/speak Lewis \"I'm proud of you, Leah! Events like this really breathe life into our little town!$h\"/pause 100/textAboveHead Gus \"Great stuff!\"/faceDirection Leah 3/speak Demetrius \"I love your art, Leah! 'Post-Dimensional Nullspace' is my favourite.$h\"/textAboveHead Robin \"Great use of wood!\"/speak Penny \"Thanks for doing this!$h\"/faceDirection Leah 1/emote Leah 32/faceDirection Leah 2/speak Leah \"Thanks, everyone!$h\"/faceDirection Leah 0/emote Leah 20/pause 500/speak Lewis \"Now let's start the bidding on these wonderful art pieces... A marvellous addition to your home!$h#$b#Do I hear 5,000g for the pink one?\"/jump Demetrius/mail afterArtShow/viewport move 2 0 8000/pause 5000/globalFade/viewport -1000 -1000/end dialogue Leah \"Wow! I'm exhausted.#$b#My show was a real success, wasn't it?$h\"",
                    "233104/f Sam 2500/t 2000 2400/w sunny/n samMessage": "nightTime/-1000 -1000/farmer 5 90 1 Sam 12 87 2 Vincent 8 22 3 Jodi 6 13 0/viewport 10 86 clamp true/skippable/move farmer 7 0 0/move farmer 0 -2 0/pause 500/speak Sam \"Hi @.#$b#I wanted to talk to you in private...\"/faceDirection Sam 1/faceDirection Sam 3/faceDirection Sam 2/shake Sam 1000/speak Sam \"It's kinda cold out here though... let's sneak into my room.$u\"/pause 800/move Sam 0 -1 0 true/move farmer 0 -1 0 true/globalFade/viewport -1000 -1000/changeLocation SamHouse/playSound thudStep/pause 500/playSound woodyStep/pause 200/playSound Ship/pause 500/playSound woodyStep/pause 400/playSound Ship/warp farmer 20 18/warp Sam 20 17/viewport 18 14 true/move Sam 0 -3 2 true/move farmer 0 -3 0 false/pause 1000/faceDirection Sam 3/faceDirection Sam 2/speak Sam \"So... @.$10#$b#I know I've been talking about nothing but the band for a while now... But I don't want you to think that's all I'm interested in.#$b#Um... Er... What I mean is...$8#$b#Well, I'm really happy that we've grown so close... Heh.$10\"/move Jodi 0 2 1 true/emote Sam 40/pause 400/speak Sam \"@... do you think of me as... just a friend?$l\"/move Jodi 6 0 0/playSound woodyStep/faceDirection Sam 3/playSound woodyStep/showFrame Sam 33/jump Sam/pause 800/speak Jodi \"Sam? I'm coming in!\"/move Sam -1 0 3/speak Sam \"Quick! Hide in the bed!$8\"/speed farmer 4/move farmer 0 -2 1/speed farmer 4/move farmer 2 0 1 true/doAction 12 14/faceDirection Sam 3 true/move Jodi 0 -2 1 false/move Jodi 2 0 1/speak Jodi \"What's wrong, Honey? Were you doing something... bad?#$b#I thought I heard some weird sounds coming from your room...\"/move Sam 0 -1 3/speak Sam \"No, mum! I was just... doing push-ups! I wanna beat Dad at arm-wrestling some day! ...heh.$8\"/emote Jodi 16/pause 300/speak Jodi \"Oh! *giggle*... That explains why you're all red and sweaty.$h#$b#Okay, well good luck. I'll see you in the morning.\"/pause 1000/speak Sam \"Goodnight, mum.$10\"/move Jodi -2 0 2/move Jodi 0 2 0/move Jodi -10 0 2 true/faceDirection Sam 1/emote Sam 28/speak Sam \"Whew... That was close.$h\"/faceDirection farmer 3/speak Sam \"...@?\"/pause 800/question fork1 \"#Get out of the bed.#Stay put.\"/fork stayPut/move farmer -2 0 3/pause 600/faceDirection Sam 2/faceDirection Sam 1/speak Sam \"Earlier, I was trying to say... that I really like you, @. I think we could really have something special together... Know what I mean?\"/pause 900/speak Sam \"Alright, I said it.$7\"/resetVariable/emote Sam 40/question fork1 \"#Move closer to Sam.#Head for the window.\"/fork rejectSam/playMusic musicboxsong/pause 2000/animate farmer true true 150 6 7 6 8/positionOffset farmer -2 0/pause 100/positionOffset farmer -2 0/pause 100/positionOffset farmer -2 0/pause 100/positionOffset farmer -2 0/pause 100/positionOffset farmer -2 0/pause 100/positionOffset farmer -2 0/pause 100/positionOffset farmer -2 0/pause 100/positionOffset farmer -2 0/pause 100/stopAnimation farmer/showFrame Sam 35/pause 1000/showFrame Sam 38 /positionOffset Sam 4 0/animate farmer true true 100 101/pause 3000/speak Sam \"I'm going to be thinking about this night for a long time...\"/pause 1000/globalFade/viewport -1000 -1000/pause 6000/end dialogue Sam \"...$l\"",
                    "611439/j 4/t 800 1300/w sunny/a 0 54/H": "distantBanjo/53 23/farmer 53 31 0 Lewis 53 23 0 Junimo -3000 -3000 2/broadcastEvent/pause 500/addMailReceived ccDoorUnlock/addQuest 26/skippable/move farmer 0 -3 0/emote Lewis 28 true/move farmer 0 -3 0/pause 300/faceDirection Lewis 2/pause 500/speak Lewis \"Oh, hi there.\"/pause 500/move farmer -1 0 0/move farmer 0 -2 0/faceDirection Lewis 0/pause 600/emote Lewis 40/pause 400/viewport move 0 -1 5000/speak Lewis \"What an eyesore...$s\"/pause 600/faceDirection Lewis 3/pause 500/faceDirection farmer 1/pause 400/speak Lewis \"This is the Pelican Town Community Centre... or what's left of it, anyway.$s\"/pause 800/faceDirection farmer 0/pause 400/faceDirection Lewis 0/pause 200/speak Lewis \"It used to be the pride and joy of the town... always bustling with activity.\"/pause 800/faceDirection Lewis 3/pause 500/speak Lewis \"Now... just look at it. It's shameful.$s#$b#These days, the young folk would rather sit in front of the TV than engage with the community.\"/pause 800/speak Lewis \"But listen to me, I sound like an old fool.$s\"/move Lewis 0 -1 0/speak Lewis \"Joja Corporation has been hounding me to sell them the land so they can turn it into a warehouse... #$b#Pelican Town could use the money, but there's something stopping me from selling it... I guess old timers like me get attached to relics of the past... Ah well.$s#$b#If anyone else buys a Joja Co. Membership I'm just gonna go ahead and sell it.\"/pause 1000/speak Lewis \"*sigh*... Here, let's go inside... \"/move Lewis 0 -2 0/pause 300/showFrame Lewis 21/pause 300/showFrame Lewis 20/playSound openBox/pause 500/playSound doorClose/stopAnimation Lewis/warp Lewis -1 -1/move farmer 0 -3 0/playSound doorClose/warp farmer -1 -1/globalFade/viewport -1000 -1000/changeLocation CommunityCenter/warp Lewis 32 15/warp farmer 32 22/playMusic communityCenter/pause 1000/viewport 32 15 true/viewport move 0 -1 5000/move farmer 0 -10 0 true/move Lewis 0 -4 3 true/pause 5000/faceDirection Lewis 3/pause 500/emote Lewis 8/pause 500/speak Lewis \"Hmm? What's this?...#$b#I guess Vincent and Jas must've been playing in here.\"/faceDirection Lewis 2/speak Lewis \"This place is even more dilapidated than I remember.\"/pause 500/temporarySprite 29 8 5 8 50 false 1/warp Junimo 29 8/animate Junimo true true 70 28 29 30 31/playSound coin/pause 400/jump farmer/pause 500/emote Lewis 8/pause 800/speak Lewis \"What?\"/pause 500/warp Junimo -1 -1/temporarySprite 29 8 6 8 30 false 1/stopAnimation Junimo/playSound dwop/faceDirection Lewis 0/pause 1000/faceDirection Lewis 1/pause 400/faceDirection Lewis 3/pause 800/faceDirection Lewis 2/pause 600/speak Lewis \"What's the matter? Are you ill?$s\"/speed farmer 4/move farmer -2 0 0/speed farmer 4/move farmer 0 -1 0/faceDirection Lewis 3/pause 400/faceDirection farmer 2/pause 500/showFrame 96/pause 600/move Lewis 0 1 3/move Lewis -2 0 0/showFrame farmer 0/speak Lewis \"You saw something? Hmm... I wouldn't be surprised if this place was full of rats.$h\"/pause 500/temporarySprite 31 14 5 8 50 false 1/warp Junimo 31 14/animate Junimo true true 100 12 13 14 15/playSound coin/pause 400/speed farmer 4/move farmer 1 0 2/jump farmer/startJittering/showFrame 94/pause 1600/playSound dwop/temporarySprite 31 14 6 8 50 false 1/warp Junimo -1 -1/faceDirection Lewis 2/pause 1000/showFrame farmer 0/stopJittering/emote Lewis 40/animate Lewis true false 100 18/pause 900/stopAnimation Lewis/move Lewis 1 0 0/faceDirection Lewis 0/pause 500/speak Lewis \"You're worrying me, @...$s\"/pause 700/speak Lewis \"Look, I think I'm going to head home. I need some lunch.\"/pause 500/showFrame 96/move Lewis 0 3 2/pause 500/faceDirection Lewis 0/pause 500/showFrame 0/speak Lewis \"Hey. I'll keep this place unlocked from now on... maybe you can help catch that rat if you have some extra time.\"/pause 600/move Lewis 1 0 2/move Lewis 0 5 2 true/globalFade/viewport -1000 -1000/pause 500/message \"Strange...\"/pause 500/message \"I'll have to come back and explore this building further.\"/pause 800/changeLocation Town/warp farmer 52 20/pause 800/end position 52 20",
                    "191393/Hn ccFishTank/Hn ccBulletin/Hn ccPantry/Hn ccVault/Hn ccBoilerRoom/Hn ccCraftsRoom/Hl jojaFishTank/Hl jojaPantry/Hl jojaVault/Hl jojaBoilerRoom/Hl jojaCraftsRoom/Hl JojaMember/w sunny/H": "junimoStarSong/-1000 -1000/farmer -100 -100 0 Evelyn 56 21 0 Lewis 52 33 0 Morris -2000 -2000 0 Jas 62 16 2 Vincent 46 23 1 Emily -2000 -2000 0 Gus -2000 -2000 0 Caroline -2000 -2000 2 Robin -2000 -2000 2 Demetrius -2000 -2000 0 Clint -2000 -2000 0 Pierre -2000 -2000 1 Jodi -2000 -2000 3 Gunther -2000 -2000 0 Willy -2000 -2000 0 Pam -2000 -2000 3 George -2000 -2000 2/broadcastEvent/addConversationTopic cc_Complete/specificTemporarySprite ccCelebration/animate Jas false true 90 16 17 18 19/animate Evelyn true false 500 17 18 17 19 19 19 19/viewport 53 25 true/viewport move 0 -1 8000/move Vincent 1 0 2/move Vincent 0 1 1/move Lewis 0 -9 0 true/move Vincent 8 0 0 false/pause 1000/skippable/jump Vincent/pause 1000/speed Vincent 4/move Vincent 0 15 0/pause 3000/globalFade/viewport -1000 -1000/warp Lewis 32 22/warp Jas -2000 -2000/warp Evelyn -2000 -2000/warp Vincent -2000 -2000/warp Gunther 24 17/warp Gus 5 5 true/advancedMove Gus true -2 0 4 2000 4 0 4 3000 -2 0 4 2000/warp Pam 8 9/advancedMove Pam true 3 5000 1 0 0 -4 -1 0 4 1000 1 0 0 4 -1 0/warp Emily 16 19/advancedMove Emily true 2 0 2 8000 -2 0 4 3000/warp Pierre 23 10/warp Caroline 24 9/warp Jodi 25 10/warp Willy 40 10/advancedMove Willy true 2 0 4 3000 -3 0 4 3000 1 0 4 3000/warp George 42 18/warp Robin 10 25/advancedMove Robin false 1 0 2 2000 0 -13 16 0 0 -3/warp Clint 46 13/advancedMove Clint false -1 0 4 14000 10 0 0 6 7 0 0 -5/warp Demetrius 47 5/changeLocation CommunityCenter/viewport 7 10 true/viewport move 2 0 21500/pause 6000/move Lewis 0 -12 2/pause 10000/globalFade/viewport -1000 -1000/warp farmer 32 20/move farmer 0 -9 0 true/viewport 32 10 true/pause 5000/speak Lewis \"I'm not sure how you did it, @... but the community centre has never looked better!$h#$b#You've done Pelican Town a great service. Everyone in town is pleased.$h\"/pause 800/emote Lewis 32/pause 1000/speak Lewis \"As a way of saying 'Thank You', I'd like to present you with this Town's greatest honour... The Stardew Hero Award. You've earned it!$h\"/pause 1000/awardFestivalPrize hero/null/itemAboveHead hero/null/pause 1000/faceDirection farmer 0/playMusic none/message \"VOICE: Grumble... Grumble...\"/pause 500/textAboveHead Lewis \"Who's that?\"/faceDirection farmer 2 true/move Lewis 1 0 2/move Lewis 0 1 2/pause 500/speak Morris \"Sales have been plummeting! Where have all my customers gone?$u\"/playSound doorClose/warp Morris 32 23/textAboveHead Lewis \"Ah, Morris.\"/move Morris 0 -9 2/pause 500/faceDirection Morris 1/pause 500/playSound dwop/faceDirection Morris 0 true/pause 50/faceDirection Morris 3/pause 500/showFrame Morris 19/shake Morris 1000/textAboveHead Morris \"Whaa..?!\"/pause 500/speak Morris \"All my customers... here?!?$s#$b#This isn't good...$s\"/move Pierre 0 4 1/textAboveHead Pierre \"How does it feel?\"/move Pierre 4 0 1/move Pierre 4 0 1/question fork1 \"#Let's be reasonable.#Let's settle this the old-fashioned way.\"/fork Punch/showFrame Morris 12/textAboveHead Morris \"Hmmph!\"/pause 1000/speak Morris \"It's of no consequence! I'll just run a 75%-off sale and all my customers will come crawling back to me, begging for forgiveness! You'll see!$h\"/pause 1000/speak Pierre \"No...not this time...$u\"/faceDirection Pierre 3/textAboveHead Pierre \"Gather 'round, everyone!\"/pause 1500/globalFade/viewport -1000 -1000/stopAdvancedMoves/warp Demetrius 35 14/faceDirection Clint 3/faceDirection Demetrius 3 true/warp Pam 28 15/faceDirection Pam 1 true/warp Gus 28 14/faceDirection Gus 1 true/warp Robin 36 15/faceDirection Robin 3/warp Emily 29 9/faceDirection Emily 2 true/warp Willy 35 16/faceDirection Willy 3 true/warp Jodi 36 9/faceDirection Jodi 2 true/warp Caroline 35 9/faceDirection Caroline 2 true/warp Clint 37 13/faceDirection Clint 3 true/warp Gunther 30 18/warp George 28 16/faceDirection George 1 true/viewport 32 10 true/faceDirection Pierre 2/faceDirection Pierre 3/faceDirection Pierre 0/faceDirection Pierre 3/pause 1000/speak Pierre \"I remember when I first moved to Pelican Town... This building was active and vibrant.#$b#We worked together to make the town a better place. There was a real sense of community.\"/pause 1000/playMusic musicboxsong/move Pierre 0 2 3/speak Pierre \"George, you always used to do the crossword puzzle while sipping coffee in the community kitchen. Remember?\"/pause 500/faceDirection George 2/pause 500/showFrame George 16/textAboveHead George \"The good ol' days.\"/move Pierre 0 -2 0/speak Pierre \"Emily, you wove that custom banner for the Stardew Valley Fair.#$b#I remember you working on that for years!$h\"/pause 1000/speak Emily \"It... It was a lot of fun... $s\"/move Pierre 0 1 1/textAboveHead Pierre \"Willy!\"/pause 500/textAboveHead Willy \"Me?\"/pause 1000/speak Pierre \"Remember when your little crab experiment got out of hand?$h\"/pause 500/speak Willy \"Hehe... That I do. We showed up one morning and the place was crawlin' with 'em.$h\"/faceDirection Pierre 3/speak Pierre \"But Gus saved the day with a brilliant idea... A crab leg feast for the entire valley!\"/speak Gus \"I still dream of that garlic butter.\"/pause 100/textAboveHead Robin \"Mmmmm...\"/faceDirection Pierre 0/playMusic none/speak Pierre \"You see, everyone? Our community is what makes Pelican Town special.#$b#When JojaMart came to town we lost sight of that.$s#$b#But now, thanks to @, we have a second chance.#$b#I'm asking that you join me in boycotting JojaMart! We have the power to reclaim our old way of life!\"/jump Morris/showFrame Morris 19/pause 1000/textAboveHead Pierre \"Who's with me?\"/pause 3000/showFrame George 0/playMusic springtown/pause 4000/move George 1 0 1/speak George \"I've lived here too long to see this town go to ruin.#$b#You can count me in!$h\"/pause 500/shake Morris 5000/textAboveHead Demetrius \"I'm in.\"/pause 250/textAboveHead Jodi \"Boycott!\"/shake Morris 5000/faceDirection Morris 0 true/jump Morris/pause 500/textAboveHead Gus \"Me too!\"/pause 500/textAboveHead Gunther \"It's about time!\"/textAboveHead Robin \"No More Joja!\"/pause 2000/speak Morris \"I'm done for...$s\"/pause 2000/speed Morris 4/shake Morris 5000/move Morris 0 9 2/warp Morris -2000 -2000/playSound doorClose/faceDirection Robin 2 true/faceDirection Demetrius 2 true/pause 20/faceDirection Gunther 2 true/pause 30/faceDirection George 2 true/globalFade/viewport -9999 -9999/pause 4000/message \"Morris and his JojaMart cronies were never heard from again...\"/pause 2000/end position 52 20",
                    "502969/w sunny/f Linus 50/j 7/t 2000 2400": "nightTime/-1000 -1000/farmer 72 64 1 Linus 51 58 2 George -100 -100 2 Gus -100 -100 2/skippable/specificTemporarySprite linusLights/pause 800/viewport 55 64 true/pause 1000/move Linus 0 5 1/pause 1000/animate Linus false true 500 20 21/pause 500/playSound trashcanlid/pause 1000/playSound dirtyHit/pause 1000/playSound slimeHit/pause 1000/playSound dirtyHit/pause 1600/warp George 57 64/playSound doorClose/pause 600/stopAnimation Linus/showFrame Linus 22/jump Linus/shake Linus 1000/pause 1000/speed Linus 4/move Linus 0 -1 1/speed Linus 4/move Linus 2 0 3/faceDirection George 3/pause 500/emote George 12/move farmer -14 0 3 true/speak George \"Grr... sounds like those raccoons are back again. Filthy varmints...\"/proceedPosition farmer 58 64/faceDirection George 1/pause 500/speak George \"Ah, you turned up at the right moment, son.^Ah, you turned up at the right moment, miss.#$b#Could you do an old man a favour? Could you go around the corner and scare off those raccoons for me? They've been causin' a real mess.#$b#Thanks. Make sure you give 'em a good scare so they never come back.\"/faceDirection George 0/playSound doorClose/warp George -100 -100/pause 500/move farmer -5 0 3 false/faceDirection Linus 2/faceDirection farmer 0/playMusic echos/pause 1000/showFrame Linus 19/pause 600/emote Linus 28/speak Linus \"It was me... I'm sorry.$s\"/pause 500/showFrame Linus 0/pause 800/move Linus -1 0 2/pause 800/showFrame Linus 19/pause 800/speak Linus \"I find a lot of hot, fresh food in these bins... stuff that will go to waste if I don't take it.\"/pause 500/move Linus -1 0 2/move Linus 0 2 1/faceDirection farmer 3/speak Linus \"$y 'Do you think there's something wrong with what I'm doing?_Yes, it's disgusting._Disgusting to you, maybe. To me, it's a way of life. And I haven't got sick yet. I only eat things that look fresh._No. It's a shame for food to go to waste._Thanks, @. I knew you were an open-minded person. I feel good about what I'm doing. I'm not harming anyone.$h_Yes, it's illegal. That's George's private property._I don't believe in 'private property'. Besides, what do you want me to do? I need this food to survive. Have a heart.$s_No, but you should get a job and stop leeching off others._*Sigh*... Not everyone's cut out for this world, @. You don't know what it's like to be me. I'm not harming anyone, I just want to live life in my own way. Is that so wrong?'\"/playMusic nightTime/pause 800/faceDirection Linus 3/pause 800/faceDirection Linus 1/speak Linus \"You can go on home. I promise I won't rummage in George's bin any more.#$b#You can tell him you scared off the raccoons for good.\"/advancedMove Linus false -3 0 0 6/viewport move -1 1 5000/pause 500/move farmer -8 0 3/move farmer 0 1 3/move farmer -2 0 3/faceDirection Linus 3/pause 600/animate Linus true true 500 20 21/pause 1000/playSound slimeHit/pause 1000/playSound slimeHit/pause 800/warp Gus 45 71/playSound doorClose/advancedMove Gus false 0 1 3 0 0 -1/stopAnimation Linus/showFrame Linus 22/jump Linus/pause 1000/advancedMove Linus false 0 -2/proceedPosition Gus 48 71/playMusic none/speak Gus \"Wait.$u\"/faceDirection Gus 0/shake Linus 2000/pause 1000/faceDirection Linus 2/pause 800/showFrame Linus 19/move Gus 0 -2 0 false/speak Gus \"I know what you were doing, Linus.$3\"/pause 500/emote Gus 40/pause 500/speak Gus \"If you need food... just ask. I don't want anyone in Pelican Town to go hungry.\"/pause 1000/showFrame Linus 0/pause 1000/speak Gus \"Here. I've got a basket of courgette fritters for you. Just make sure you dip them in my spicy marinara!$h#$b#Go on... take it.\"/pause 1000/showFrame Linus 19/pause 600/globalFade/viewport -3000 -3000/end",
                    "611173/Hn pamHouseUpgrade/o Penny": "50s/71 68/farmer 66 62 2 Robin 67 66 2 Pam 71 71 0 Penny 72 71 0/skippable/move farmer 0 4 2/faceDirection Robin 3/speak Robin \"Hey @! So... what do you think?\"/move farmer 0 1 1/faceDirection Robin 2/emote farmer 32/pause 500/speak Robin \"I feel pretty good about it...#$b#In fact, it might be my finest work yet!$h\"/pause 500/faceDirection Robin 1/speak Robin \"Notice the round window... very very difficult to bend the frame like that.#$b#Oh, and the intricate carvings on the door. Took me forever. Did you notice that?\"/emote farmer 40/speak Robin \"Oh... heh. I guess I'm rambling about wood again... huh?$h\"/move Robin 0 1 3/speak Robin \"Anyway, I'm going to go talk to them... But first I have to ask...\"/question fork0 \"Do you want me to tell them you paid for this?#Yes, of course!#No, I'd rather remain anonymous\"/fork choseToBeKnown/pause 200/speak Robin \"Okay... you stay here, then.\"/pause 500/move Robin 0 1 2/move farmer 2 0 2 true/move Robin 0 3 1 false/move Robin 2 0 1/faceDirection Pam 3/move Penny 0 -1 3/move Penny -1 0 3/speak Robin \"Hi there, neighbors... that's a nice new house you got there!$4\"/pause 50/playMusic musicboxsong/speak Pam \"Robin... I... I dunno what to say...$s#$b#This is a dream come true... it's all I've ever wanted.$s\"/faceDirection Pam 2/animate Pam false true 100 25/pause 1000/animate Pam false true 150 26 27/pause 1000/speak Penny \"Robin, thank you so much...$s\"/speak Robin \"Hey, don't thank me! Someone else came up with the idea... and they paid for everything, too.\"/pause 100/stopAnimation Pam/showFrame Pam 12/faceDirection Penny 2/animate Penny false true 100 23/pause 500/speak Penny \"Then... who?$s\"/stopAnimation Pam/faceDirection Pam 3/stopAnimation Penny/faceDirection Penny 3/pause 500/faceDirection Robin 2/speak Robin \"I can't say... They insisted on remaining anonymous.$5\"/pause 500/faceDirection Penny 2/faceDirection Pam 0/faceDirection Penny 3 true/faceDirection Pam 3 true/faceDirection Robin 1/pause 300/speak Pam \"...They probably stayed anonymous so we wouldn't have to feel obligated to them.\"/faceDirection Pam 2/speak Pam \"Whoever you are... You are truly a pure angel...$s\"/pause 300/speak Robin \"Well, I wouldn't go *that* far...$4\"/jump farmer/animate farmer false true 100 94/pause 500/animate Robin false true 100 32 33/pause 2000/stopAnimation Robin/showFrame Robin 0/stopAnimation farmer/faceDirection Robin 1/faceDirection Pam 0/faceDirection Penny 2/speak Pam \"Penny, from now on we'll be like a real family... you hear?#$b#I don't wanna be so bitter all the time any more...$s#$b#I'm gonna try to turn my life around...\"/emote Penny 20/pause 100/animate Penny false true 200 0 1 2 3/positionOffset Penny 0 2/pause 50/positionOffset Penny 0 2/pause 50/positionOffset Penny 0 2/pause 50/positionOffset Penny 0 2/pause 50/positionOffset Penny 0 2/pause 50/positionOffset Penny 0 2/pause 50/positionOffset Penny 0 2/pause 50/positionOffset Penny 0 2/pause 50/positionOffset Penny 0 2/pause 50/positionOffset Penny 0 2/pause 50/positionOffset Penny 0 2/pause 50/positionOffset Penny 0 2/pause 500/positionOffset Penny 0 8/animate Penny false true 100 39/warp Pam -100 -100/playSound coin/pause 3000/fade/viewport -2000 -2000/pause 400/playMusic none/addConversationTopic pamHouseUpgradeAnonymous/pause 1000/end",
                    "choseToBeKnown": "pause 200/addConversationTopic pamHouseUpgrade/speak Robin \"Okay... let's go.\"/pause 500/move Robin 0 1 2/move farmer 0 3 2 true/move Robin 0 3 1 false/move Robin 2 0 1/move farmer 3 0 1/faceDirection Pam 3/move Penny 0 -1 3/move Penny -1 0 3/speak Robin \"Hi there, neighbors... that's a nice new house you got there!$4\"/pause 250/playMusic musicboxsong/speak Pam \"Robin... I... I dunno what to say...$s#$b#This is a dream come true... it's all I've ever wanted.$s\"/faceDirection Pam 2/animate Pam false true 100 25/pause 1000/animate Pam false true 150 26 27/pause 1000/speak Penny \"Robin, thank you so much...$s\"/speak Robin \"Hey, don't thank me! This was @'s idea... And he paid for the whole thing, too!^Hey don't thank me! This was @'s idea... And she paid for the whole thing, too!\"/pause 100/stopAnimation Pam/showFrame Pam 12/pause 500/speak Penny \"@... This is absolutely incredible...$7#$b#I... I don't know what else to say...$s\"/stopAnimation Pam/faceDirection Pam 3/stopAnimation Penny/faceDirection Penny 3/pause 300/speak Pam \"This must have cost a fortune, @...$s#$b#...To be honest, this is kind of embarrassing. How can I ever repay you for this?$4\"/pause 300/question fork1 \"...#It's a gift... no repayment needed.#You can start by treating Penny better...\"/fork itsagift/pause 500/faceDirection Pam 2/showFrame Pam 25/pause 250/faceDirection Penny 2/speak Pam \"...I'm sorry.$s\"/pause 500/speak Pam \"I'll do whatever you say...$s\"/pause 500/animate Robin false true 150 34 35/pause 500/speak Penny \"Mum...$s\"/faceDirection Pam 0/speak Penny \"Don't worry... I understand why you get angry sometimes. Your life hasn't been so easy...$s\"/stopAnimation Robin/faceDirection Robin 1/speak Pam \"Thanks, kid.$h#$b#From now on we'll be like a real family... you hear?#$b#I don't wanna be so bitter all the time any more...$s#$b#I'm gonna try to turn my life around...\"/emote Penny 20/pause 100/animate Penny false true 200 0 1 2 3/positionOffset Penny 0 2/pause 50/positionOffset Penny 0 2/pause 50/positionOffset Penny 0 2/pause 50/positionOffset Penny 0 2/pause 50/positionOffset Penny 0 2/pause 50/positionOffset Penny 0 2/pause 50/positionOffset Penny 0 2/pause 50/positionOffset Penny 0 2/pause 50/positionOffset Penny 0 2/pause 50/positionOffset Penny 0 2/pause 50/positionOffset Penny 0 2/pause 50/positionOffset Penny 0 2/pause 500/positionOffset Penny 0 8/animate Penny false true 100 39/warp Pam -100 -100/playSound coin/pause 3000/fade/viewport -2000 -2000/pause 400/playMusic none/pause 1000/end",
                    "itsagift": "pause 200/pause 500/faceDirection Pam 2/showFrame Pam 25/pause 250/faceDirection Penny 2/speak Pam \"Then... I'll just have to swallow my pride...\"/pause 500/speak Pam \"*ahem*... Thank you, @.$s\"/pause 500/speak Penny \"Mom...$s\"/faceDirection Pam 0/speak Penny \"Don't worry... @ just wants to make us happy. No one in Pelican Town looks down on us for being poor.$s\"/faceDirection Robin 1/pause 500/speak Pam \"...We aren't 'poor' any more, kid... put that thought out of your mind!#$b#From now on we'll be like a real family... you hear?#$b#I don't wanna be so bitter all the time any more...$s#$b#I'm gonna try to turn my life around...\"/emote Penny 20/pause 100/animate Penny false true 200 0 1 2 3/positionOffset Penny 0 2/pause 50/positionOffset Penny 0 2/pause 50/positionOffset Penny 0 2/pause 50/positionOffset Penny 0 2/pause 50/positionOffset Penny 0 2/pause 50/positionOffset Penny 0 2/pause 50/positionOffset Penny 0 2/pause 50/positionOffset Penny 0 2/pause 50/positionOffset Penny 0 2/pause 50/positionOffset Penny 0 2/pause 50/positionOffset Penny 0 2/pause 50/positionOffset Penny 0 2/pause 500/positionOffset Penny 0 8/animate Penny false true 100 39/warp Pam -100 -100/playSound coin/pause 3000/fade/viewport -2000 -2000/pause 400/playMusic none/pause 1000/end",
                    "choseToBeKnown_pennySpouse": "pause 200/addConversationTopic pamHouseUpgrade/speak Robin \"Okay... let's go.\"/pause 500/move Robin 0 1 2/move farmer 0 3 2 true/move Robin 0 3 1 false/move Robin 2 0 1/move farmer 3 0 1/faceDirection Pam 3/move Penny 0 -1 3/move Penny -1 0 3/speak Robin \"Hi there, neighbors... that's a nice new house you got there!$4\"/pause 250/playMusic musicboxsong/speak Pam \"Robin... I... I dunno what to say...$s#$b#This is a dream come true... it's all I've ever wanted.$s\"/faceDirection Pam 2/animate Pam false true 100 25/pause 1000/animate Pam false true 150 26 27/pause 1000/speak Penny \"@? What are you doing here?\"/speak Robin \"What, you didn't tell your wife about this, @?$u\"/faceDirection Robin 0/faceDirection farmer 2/pause 100/faceDirection Robin 1/speak Robin \"@ came up with this idea and paid for the whole thing!\"/faceDirection farmer 1/stopAnimation Pam/showFrame Pam 12/pause 500/speak Penny \"@... you didn't need to do this...#$b#But, thank you. This means a lot to me.$s\"/stopAnimation Pam/faceDirection Pam 3/stopAnimation Penny/faceDirection Penny 3/pause 300/speak Pam \"This must have cost a fortune, @...$s#$b#...To be honest, this is kind of embarrassing. How can I ever repay you for this?$4\"/pause 300/question fork1 \"...#You're my mum!. No repayment needed!#You can start by treating Penny better...\"/fork itsagift_pennySpouse/pause 500/faceDirection Pam 2/showFrame Pam 25/pause 250/faceDirection Penny 2/speak Pam \"...I'm sorry.$s\"/pause 500/speak Pam \"I'll do whatever you say...$s\"/pause 500/animate Robin false true 150 34 35/pause 500/speak Penny \"Mum...$s\"/faceDirection Pam 0/speak Penny \"Don't worry... I understand why you get angry sometimes. Your life hasn't been so easy...$s\"/stopAnimation Robin/faceDirection Robin 1/speak Pam \"Thanks, kid.$h#$b#From now on we'll be like a real family... you hear?#$b#I don't wanna be so bitter all the time any more...$s#$b#I'm gonna try to turn my life around...\"/emote Penny 20/pause 100/animate Penny false true 200 0 1 2 3/positionOffset Penny 0 2/pause 50/positionOffset Penny 0 2/pause 50/positionOffset Penny 0 2/pause 50/positionOffset Penny 0 2/pause 50/positionOffset Penny 0 2/pause 50/positionOffset Penny 0 2/pause 50/positionOffset Penny 0 2/pause 50/positionOffset Penny 0 2/pause 50/positionOffset Penny 0 2/pause 50/positionOffset Penny 0 2/pause 50/positionOffset Penny 0 2/pause 50/positionOffset Penny 0 2/pause 500/positionOffset Penny 0 8/animate Penny false true 100 39/warp Pam -100 -100/playSound coin/pause 3000/fade/viewport -2000 -2000/pause 400/playMusic none/pause 1000/end",
                    "itsagift_pennySpouse": "pause 200/pause 500/faceDirection Pam 2/showFrame Pam 25/pause 250/faceDirection Penny 2/speak Pam \"Then... I'll just have to swallow my pride...\"/pause 500/speak Pam \"*ahem*... Thank you, @.$s\"/pause 500/speak Penny \"Mum...$s\"/faceDirection Pam 0/speak Penny \"Don't worry, mum... we just want to make you happy. No one in Pelican Town looks down on us for being poor.$s\"/faceDirection Robin 1/pause 500/speak Pam \"...I ain't 'poor' any more, kid... put that thought out of your mind!#$b#From now on we'll be like a real family... you hear?#$b#I don't wanna be so bitter all the time any more...$s#$b#I'm gonna try to turn my life around...\"/emote Penny 20/pause 100/animate Penny false true 200 0 1 2 3/positionOffset Penny 0 2/pause 50/positionOffset Penny 0 2/pause 50/positionOffset Penny 0 2/pause 50/positionOffset Penny 0 2/pause 50/positionOffset Penny 0 2/pause 50/positionOffset Penny 0 2/pause 50/positionOffset Penny 0 2/pause 50/positionOffset Penny 0 2/pause 50/positionOffset Penny 0 2/pause 50/positionOffset Penny 0 2/pause 50/positionOffset Penny 0 2/pause 50/positionOffset Penny 0 2/pause 500/positionOffset Penny 0 8/animate Penny false true 100 39/warp Pam -100 -100/playSound coin/pause 3000/fade/viewport -2000 -2000/pause 400/playMusic none/pause 1000/end",
                    "3917586/e 3917585/O Shane/A shaneSaloon2": "spring_day_ambient/45 71/farmer 47 71 1 Shane 37 72 1 Marnie 48 70 2/addWorldState shanePK/skippable/emote Shane 56 true/move Shane 8 0 0/pause 500/speak Shane \"Okay... I'm ready for another round!\"/pause 500/move Shane 0 -1 0/playSound doorClose/warp Shane -100 -100/pause 1000/faceDirection farmer 2 true/showFrame 0/emote farmer 12 true/emote Marnie 12/speak Marnie \"Alright... we've caught him in the act. Now let's confront him. Take a deep breath... $s\"/move farmer 0 1 3/move farmer -2 0 0/move farmer 0 -1 0/playSound doorClose/warp farmer -100 -100/move Marnie 0 2 3/move Marnie -3 0 0/move Marnie 0 -1 0/playSound doorClose/warp Marnie -100 -100/fade/viewport -1000 -1000/changeLocation Saloon/warp Shane 33 18/warp Marnie 18 21/warp farmer 19 21/faceDirection Marnie 1 true/faceDirection farmer 1 true/positionOffset farmer 0 16/advancedMove farmer false 6 0 0 -2 8 0 4 10/advancedMove Marnie false 6 0 0 -2 8 0 4 10/specificTemporarySprite shaneSaloonCola/playMusic none/pause 3000/viewport 33 18 true/pause 800/playSound Cowboy_gunshot/pause 200/emote Shane 52 true/playSound Cowboy_gunshot/pause 200/playSound Cowboy_gunshot/pause 200/playSound Cowboy_gunshot/pause 160/playSound cowboy_monsterhit/pause 140/playSound Cowboy_gunshot/pause 170/shake Shane 500/playSound cowboy_monsterhit/pause 200/playSound Cowboy_monsterDie/pause 500/playSound cowboy_gunload/pause 700/playSound Cowboy_gunshot/shake Shane 500/pause 200/playSound Cowboy_gunshot/pause 160/playSound cowboy_monsterhit/pause 140/playSound Cowboy_gunshot/pause 170/playSound cowboy_monsterhit/jump Shane/pause 200/playSound Cowboy_monsterDie/pause 500/playSound cowboy_dead/jump Shane/pause 500/textAboveHead Shane \"Arrgh!\"/pause 2000/playMusic distantBanjo/textAboveHead Shane \"So close...\"/pause 3000/faceDirection Shane 1 true/pause 100/faceDirection Shane 2/animate Shane false true 100 18/jump Shane/pause 500/stopAnimation Shane/showFrame Shane 0/emote Shane 16/speak Shane \"Oh, hey! Didn't know I had an audience.$h\"/faceDirection Marnie 1 true/faceDirection farmer 3/faceDirection Marnie 0 true/faceDirection farmer 0/speak Marnie \"Shane... this is what you've been doing in here?$s\"/pause 500/speak Shane \"Yeah! What did you think?$h\"/faceDirection Shane 1 true/pause 100/faceDirection Shane 0/speak Shane \"I'm completely addicted to this game...#$b#I can't help but play round after round...\"/pause 500/faceDirection Shane 1 true/pause 100/faceDirection Shane 2/pause 500/animate Shane false true 100 34/pause 500/speak Shane \"I've even reached the number three spot in the global leaderboards... you might say I'm one of the best.$h\"/pause 500/stopAnimation Shane/pause 100/move Marnie 0 -1 1/speak Marnie \"But... these cans...$s\"/pause 500/faceDirection Shane 3/pause 200/emote Shane 8/speak Shane \"Oh, that's just Joja Cola... Yeah, yeah, I know... It's bad for the teeth. But it helps me focus...\"/pause 1000/faceDirection Shane 2/pause 200/faceDirection Shane 3/faceDirection Shane 2/faceDirection Shane 3/speak Shane \"Wait... did you guys think I was drinking beer?$a\"/faceDirection Marnie 2/emote Marnie 28/faceDirection Shane 2/speak Shane \"@? I told you I hadn't been drinking...$a\"/question fork0 \"#We were worried...#I'm sorry, I should've believed you\"/fork wewereworried/emote farmer 40/faceDirection Marnie 1/pause 1000/faceDirection Shane 2/emote Shane 40/speak Shane \"...That's alright, @. You're just looking out for me. I get it.#$b#Look... I know I haven't been perfect... but, I'm trying my best... and I'm gonna keep trying. So you don't have to worry about me.#$b#My life is better now than it's ever been. I'm not in such a dark place any more...\"/pause 500/emote Marnie 20 true/emote farmer 20 true/pause 1300/faceDirection Shane 0/speak Shane \"You know, when I'm playing this game, I become so focused that I can't think about anything else. It really helps when I've got 'the urge'...\"/faceDirection Shane 2/speak Shane \"Anyway... I'll just... eh... play ONE more round and head home. Okay?\"/pause 1000/emote farmer 32/pause 1000/end dialogue Shane \"You guys must have been really confused when you came in and saw me in front of the arcade machine!$h\"",
                    "6184643/f Haley 3500/O Haley/t 800 1500/w sunny": "sweet/20 90/farmer -100 -100 2 Haley 26 90 3 Penny 16 90 3 Vincent 15 90 1 Jas 15 91 1/addConversationTopic haleyCakewalk1 0/skippable/move Haley -6 0 0/move Haley 0 -1 0/emote Vincent 28/emote Haley 8/faceDirection Haley 3/pause 500/speak Jas \"Ms. Penny? The cover fell off my maths book...$s\"/speak Penny \"Let me see...$s\"/pause 500/move Penny 0 1 3/pause 500/speak Penny \"Oh no... Your books are falling apart...$s#$b#They're just too old.$s\"/faceDirection Penny 2/pause 500/showFrame Penny 23/pause 500/speak Penny \"...But new books are expensive, so we'll just have to make do with what we have...$s\"/pause 500/emote Haley 28/jump Vincent/pause 1500/speak Vincent \"Does this mean I don't have to do my homework?$h\"/faceDirection Jas 0/showFrame Penny 27/jump Penny/pause 1000/faceDirection Haley 0/pause 500/warp Haley -1000 -1000/playSound doorClose/pause 1000/end dialogue Haley \"I've been thinking about cake a lot lately...\"",
                    "6184644/e 8675611/O Haley/A haleyCakewalk2/t 600 1500/w sunny/i 220": "ragtime/-100 -100/farmer 29 60 2 Haley 27 64 2 Marnie 27 66 1 Caroline 29 66 1 Emily 31 66 2 Jodi 31 68 2 Lewis 25 68 1 Robin 25 70 1 Jas 31 70 3 Vincent 29 70 3 Pam 27 70 0 Clint 27 68 0 Penny 31 64 2 Pierre 25 66 1 Gus 35 66 3 Evelyn 23 67 1 George 24 67 1/removeQuest 127/removeItem 220/specificTemporarySprite haleyCakeWalk/beginSimultaneousCommand/advancedMove Marnie true 2 0 2 0 0 2 0 2 -2 0 -2 0 0 -2 0 -2/advancedMove Caroline true 2 0 0 2 0 2 -2 0 -2 0 0 -2 0 -2 2 0/advancedMove Emily true 0 2 0 2 -2 0 -2 0 0 -2 0 -2 2 0 2 0/advancedMove Jodi true 0 2 -2 0 -2 0 0 -2 0 -2 2 0 2 0 0 2/advancedMove Jas true -2 0 -2 0 0 -2 0 -2 2 0 2 0 0 2 0 2/advancedMove Vincent true -2 0 0 -2 0 -2 2 0 2 0 0 2 0 2 -2 0/advancedMove Pam true 0 -2 0 -2 2 0 2 0 0 2 0 2 -2 0 -2 0/advancedMove Clint true 0 -2 2 0 2 0 0 2 0 2 -2 0 -2 0 0 -2/endSimultaneousCommand/viewport 29 68 true/move farmer 0 4 3/pause 1000/addObject 28 64 220/playSound coin/faceDirection farmer 3/faceDirection Haley 1/speak Haley \"Hey! Oh, good, you brought the cake!...\"/showFrame Haley 23/playSound slimeHit/pause 400/showFrame Haley 4/pause 500/showFrame Haley 23/playSound slimeHit/pause 400/showFrame Haley 4/pause 1000/speak Haley \"Seems really moist. Thanks, @.\"/faceDirection Haley 2/faceDirection farmer 2/speak Haley \"It's a pretty good turnout, huh?\"/emote farmer 32/speak Marnie \"Um... Haley? When do we stop? M... My legs... *pant* *pant*$s\"/jump Haley/pause 500/speak Haley \"Whoops! Forgot to blow the whistle.$h\"/showFrame Haley 19/playMusic none/playSound whistle/shake Haley 500/stopAdvancedMoves next/pause 500/showFrame Haley 0/pause 1000/playMusic distantBanjo/pause 2000/speak Haley \"Alright! Everyone should be standing on a numbered square.\"/textAboveHead Emily \"I am!\"/jump Vincent/textAboveHead Marnie \"Yep\"/textAboveHead Pam \"That's right\"/faceDirection Pam 0 true/faceDirection Marnie 0 true/faceDirection Vincent 0 true/faceDirection Jas 0 true/faceDirection Marnie 0 true/faceDirection Clint 0 true/faceDirection Emily 0 true/faceDirection Caroline 0 true/faceDirection Jodi 0 true/pause 1000/speak Haley \"Your number determines which cake you win!#$b#Okay, let's see who gets what...\"/move Haley 0 -1 1/move Haley 6 0 2/move Haley 0 2 2/speak Haley \"Okay, Let's see here... #$b#Caroline, what number are you? Okay... you've won...#$b#Mayor Lewis' cave carrot loaf... with extra fibre!\"/emote Marnie 28 true/textAboveHead Caroline \"Oh, joy\"/pause 1000/speak Haley \"Emily, you've got...#$b#Pam's chocolate stout cupcakes, with aged bourbon buttercream.\"/emote Emily 32/textAboveHead Gus \"Nice!\"/pause 1000/speak Pam \"You're in for a treat, kid.$h\"/pause 500/speak Haley \"Next... Jas, you've got...#$b#Clint's wild horseradish cobbler.\"/emote Jas 28 true/pause 200/speak Clint \"It's an old family recipe. I baked it right in the smelting oven.#$b#Oh, um... I may have burnt the bottom a little, so... uh... you might have to peel off a layer of charred matter. But the rest is totally edible.\"/pause 200/emote Jas 28/pause 500/speak Haley \"Uh, Okay... Next up is Vincent. We've got...#$b# Robin's Triple syrup n' cream strawberry sugar log!\"/jump Vincent/textAboveHead Jodi \"Oh no...\"/pause 800/jump Vincent/pause 800/jump Vincent/pause 800/speak Haley \"Next up, Jodi. You're gonna take home...#$b# Emily's organic red velvet cake... coloured with beetroot!\"/pause 200/textAboveHead Jodi \"Yum!\"/pause 800/viewport move 0 -1 1500/move Haley 0 -2 3/move Haley -5 0 2/speak Haley \"...and last, but not least: Pam! You're the lucky winner of my husband's deluxe chocolate cake.^...and last, but not least: Pam! You're the lucky winner of my wife's deluxe chocolate cake.\"/pause 500/textAboveHead Pam \"Thanks, kid\"/pause 1000/speak Haley \"Thanks everyone for joining in. We raised over 5,000g!\"/pause 500/speak George \"What's the money for, anyway? You buyin' a new purse?\"/pause 200/faceDirection Haley 1/speak Haley \"Actually... it's for Penny.\"/faceDirection Penny 3/faceDirection farmer 1 true/emote Penny 8/speak Haley \"Penny, the other day I overheard you talking with Jas and Vincent about their school books. It sounded like you could use some help...\"/jump Penny/pause 500/textAboveHead Penny \"New books!\"/pause 800/faceDirection Penny 2/speak Penny \"Did you hear that, kids? You're getting brand new school books!\"/emote Jas 20 true/emote Vincent 28/pause 500/faceDirection Penny 3/speak Penny \"I don't know what to say... Thank you so much.$h#$b#...to both of you!$h\"/emote farmer 32/viewport move -1 0 3000/advancedMove George false 0 -5 24 0/advancedMove Evelyn false 1 0 0 -5 24 0/move Haley 2 0 2/pause 2000/faceDirection Robin 0/faceDirection Pierre 2/speak Robin \"Hey Lewis... since we're funding education without touching the town's coffers, you'll be lowering our business tax, right?$h\"/pause 500/showFrame Lewis 26/jump Lewis/playSound Duck/positionOffset Lewis -4 0/pause 30/positionOffset Lewis -4 0/pause 30/positionOffset Lewis -4 0/pause 30/positionOffset Lewis -4 0/pause 30/positionOffset Lewis -4 0/pause 30/positionOffset Lewis -4 0/pause 30/positionOffset Lewis -4 0/pause 30/positionOffset Lewis -4 0/pause 30/positionOffset Lewis -4 0/pause 30/positionOffset Lewis -4 0/pause 30/positionOffset Lewis -4 0/pause 30/positionOffset Lewis -4 0/pause 30/positionOffset Lewis -4 0/pause 30/positionOffset Lewis -4 0/pause 30/positionOffset Lewis -4 0/pause 30/positionOffset Lewis -4 0/pause 30/positionOffset Lewis -4 0/advancedMove Robin false 0 -1 3 100/advancedMove Pierre false 0 1 3 100/pause 1500/end dialogue Haley \"It was a big success! Thanks for helping out, honey.\""
            }   
        }
    ]
}