{
    "Changes": [
        {
            "LogName": "Edit Data/Events/Trailer",
            "Action": "EditData",
            "Target": "Data/Events/Trailer",
            "Entries": {
                  "35/f Penny 1000/p Penny": "50s/-1000 -1000/farmer -30 30 0 Penny 12 7 0 Pam -100 -100 0/skippable/specificTemporarySprite pennyMess/viewport 12 7 true/pause 1000/speak Penny \"Ughh... It's so dirty in here.$s\"/pause 500/warp farmer 12 9/playSound doorClose/pause 500/faceDirection Penny 2/pause 500/emote Penny 16/pause 300/speak Penny \"@! Um... Sorry that it's such a mess. I was about to clean up.$u\"/pause 500/move farmer 0 -1 0/pause 600/emote Penny 32/pause 300/speak Penny \"You'll help me? You really mean it?$h\"/pause 500/faceDirection Penny 1/faceDirection farmer 1/speak Penny \"Okay, you can get started over there. I'll clean the kitchen.\"/move farmer 2 0 1/move farmer 0 -2 1/move farmer 1 0 1/move Penny -1 0 0/animate Penny false true 100 24 25/animate farmer false true 100 35/pause 200/playSound dwop/removeSprite 16 6/pause 200/move Penny -1 0 0/animate Penny false true 100 24 25/stopAnimation farmer/faceDirection farmer 0/pause 1200/stopAnimation Penny/removeSprite 10 5/playSound dwop/move Penny -1 0 0/animate Penny false true 100 24 25/pause 900/animate farmer false true 100 41/pause 300/playSound dwop/removeSprite 15 5/stopAnimation farmer/pause 1400/stopAnimation Penny/move Penny 1 0 0/pause 800/warp Pam 12 9/playSound doorClose/stopMusic/move Pam 0 -1 0/faceDirection Penny 2/faceDirection farmer 3/faceDirection Pam 1/pause 500/faceDirection Pam 3/speak Pam \"Whaddya think you're doing?!$u\"/faceDirection Pam 1/faceDirection Pam 3/faceDirection Pam 0/speak Pam \"Stop it! I had everything just the way I like it!$u\"/move Penny 2 0 2/pause 500/emote Penny 28/pause 500/speak Penny \"Mum, the house is a total mess. @ and I were just trying to tidy things up a bit.#$b#*sniff* *sniff*... Were you at the saloon just now? You smell like beer...$s\"/pause 300/move Pam -1 0 3/emote Pam 12/pause 400/speak Pam \"It's none of your damn business where I go!$4\"/pause 500/speak Penny \"It IS my business! I don't want you destroying yourself!$a#$b#Don't you realize your choices have an effect on me? Stop being so selfish!$a\"/faceDirection Pam 0/shake Pam 5000/pause 600/speak Pam \"Selfish? I put a roof over your head and clothes on your back and you call me selfish!? You ungrateful little...$u\"/pause 500/emote farmer 28/pause 500/faceDirection Pam 1/faceDirection Penny 1/move farmer -2 0 2/move farmer 0 2 3/pause 500/speak Pam \"You'd better go. I'm sorry you had to see this, kid.$4\"/pause 500/move farmer -1 0 2/move farmer 0 1 2/pause 500/faceDirection farmer 0/faceDirection Penny 2/pause 700/faceDirection farmer 2/pause 500/warp farmer -40 -40/playSound doorClose/pause 500/move Pam 0 -1 1/pause 300/faceDirection Penny 3/speak Pam \"He's a nice young man...^She's a nice young lady...\"/speak Pam \"But I don't want you tellin' others to clean up my house! It's embarrassing! You understand?$4\"/pause 300/faceDirection Penny 2/pause 600/showFrame Penny 23/pause 700/speak Penny \"...Yes, mother.$s\"/pause 1000/mail PennyCleanTrailer/end warpOut",
                  "36/f Penny 1500/p Penny": "musicboxsong/9 7/farmer -30 30 0 Penny 9 7 0/skippable/pause 1000/playSound doorClose/warp farmer 12 9/pause 400/faceDirection Penny 2/pause 300/speak Penny \"@, you came at a good time!#$b#I'm just about finished cooking a new recipe I invented!$h\"/pause 400/move farmer 0 -2 3/faceDirection Penny 1/move farmer -2 0 3/speak Penny \"Let me just finish up real quick.\"/pause 200/faceDirection Penny 0/pause 200/animate Penny false true 120 29 30/playSound crafting/pause 320/playSound crafting/pause 320/playSound crafting/pause 320/playSound crafting/pause 320/stopAnimation Penny/pause 500/playSound openBox/showFrame Penny 29/pause 400/playSound furnace/showFrame Penny 30/pause 1500/playSound clank/faceDirection Penny 0/pause 500/faceDirection Penny 1 true/showFrame Penny 28/speak Penny \"Here, give that a little taste.\"/pause 800/faceDirection farmer 2/farmerEat 200/showFrame Penny 4/pause 2500/stopAnimation farmer/pause 500/playSound gulp/animate farmer false true 350 104 105/pause 500/specificTemporarySprite pennyCook/pause 1500/faceDirection farmer 2/pause 500/speak Penny \"$q 72 null#...well?#$r 72 50 event_cook1#(Lie) Mmm! That was delicious!#$r 73 -50 event_cook2#Uh... can I get the rest to go?#$r 73 0 event_cook3#Well it's definitely unique... how did you get it so rubbery?\"/pause 500/speak Penny \"$p 72#Hey, since you're the first person to try it, I'm going to name this one 'Chilli de @'.$h|Well, I guess this recipe was a failure...$s\"/stopAnimation farmer/faceDirection farmer 3/pause 600/speak Penny \"Um... so how about we watch a film or something?\"/pause 500/move farmer 5 0 0 true/move Penny 5 0 0 true/globalFade/viewport -1000 -1000/end dialogue Penny \"Thanks for being my taste-tester.$h\""
            }   
        }
    ]
}