{
    "Changes": [
        {
            "LogName": "Edit Data/Events/Woods",
            "Action": "EditData",
            "Target": "Data/Events/Woods",
            "Entries": {
                "2120303/S 23/i 724/t 600 1900": "nightTime/-1000 -1000/farmer 25 17 3/removeQuest 29/removeItem 724/skippable/addTemporaryActor Bear 32 32 11 17 2 true character/faceDirection Bear 1/viewport 11 17 clamp true/move farmer -6 0 3/pause 1000/startJittering/emote farmer 28/pause 1000/stopJittering/pause 500/animate Bear false true 500 16 17/pause 500/playSound rabbit/pause 1000/playSound rabbit/pause 500/stopAnimation Bear/speak Bear \"That smell... come closer...$2\"/pause 1000/move farmer -5 0 3/pause 1000/faceDirection Bear 2/pause 1000/speak Bear \"Heh... It's not every day I get to speak to a human. Looks like you've got a little 'forest magic' in you...$3\"/pause 100/jump Bear/pause 1000/faceDirection Bear 1/speak Bear \"Now... about my note... Did you bring the good stuff?\"/pause 1000/animate farmer true true 100 35/playSound coin/addObject 13 17 724/pause 500/animate Bear false true 500 16 17/pause 500/stopAnimation farmer/playSound rabbit/pause 1000/playSound rabbit/pause 500/stopAnimation Bear/shake Bear 2000/pause 500/removeTemporarySprites/speak Bear \"HOoOoOoooh... that smell... this is really sweet stuff!$h#$b#...it's my favourite sauce... it makes me very happy.$h\"/pause 1000/emote Bear 20/animate Bear false true 200 4 5 6 7/pause 50/positionOffset Bear 4 0/pause 100/positionOffset Bear 4 0/pause 100/positionOffset Bear 4 0/pause 100/positionOffset Bear 4 0/pause 100/positionOffset Bear 4 0/pause 100/positionOffset Bear 4 0/pause 100/positionOffset Bear 4 0/pause 100/positionOffset Bear 4 0/pause 100/positionOffset Bear 4 0/pause 100/positionOffset Bear 4 0/pause 100/positionOffset Bear 4 0/pause 100/positionOffset Bear 4 0/pause 100/positionOffset Bear 4 0/pause 100/positionOffset Bear 4 0/pause 100/positionOffset Bear 4 0/pause 100/positionOffset Bear 4 0/stopAnimation Bear/pause 500/playSound dwop/animate farmer true true 100 6/pause 100/positionOffset farmer 2 0/playSound dwop/animate farmer true true 100 7/pause 100/positionOffset farmer 2 0/playSound dwop/animate farmer true true 100 6/pause 100/positionOffset farmer 2 0/playSound dwop/animate farmer true true 100 7/pause 100/positionOffset farmer 2 0/playSound dwop/animate farmer true true 100 6/pause 100/positionOffset farmer 2 0/playSound dwop/animate farmer true true 100 7/pause 100/positionOffset farmer 2 0/playSound dwop/animate farmer true true 100 6/pause 100/positionOffset farmer 2 0/playSound dwop/animate farmer true true 100 7/pause 100/positionOffset farmer 2 0/stopAnimation farmer/pause 1000/speak Bear \"...You've made a friend today, @.\"/pause 1000/animate Bear false true 200 4 5 6 7/pause 50/positionOffset Bear 4 0/pause 100/positionOffset Bear 4 0/pause 100/positionOffset Bear 4 0/pause 100/positionOffset Bear 4 0/pause 100/positionOffset Bear 4 0/pause 100/positionOffset Bear 4 0/pause 100/positionOffset Bear 4 0/stopAnimation Bear/pause 250/playSound dwop/animate farmer true true 100 6/pause 100/positionOffset farmer 2 0/playSound dwop/animate farmer true true 100 7/pause 100/positionOffset farmer 2 0/playSound dwop/animate farmer true true 100 6/pause 100/positionOffset farmer 2 0/playSound dwop/animate farmer true true 100 7/pause 100/positionOffset farmer 2 0/playSound dwop/animate farmer true true 100 6/pause 100/positionOffset farmer 2 0/playSound dwop/animate farmer true true 100 7/pause 100/positionOffset farmer 2 0/playSound dwop/animate farmer true true 100 6/pause 100/positionOffset farmer 2 0/playSound dwop/animate farmer true true 100 7/pause 100/positionOffset farmer 2 0/stopAnimation farmer/pause 1000/speak Bear \"I've got something special I want to show you...\"/pause 500/animate Bear false true 400 8 9 10 11/pause 400/playSound grassyStep/pause 400/playSound grassyStep/pause 400/playSound grassyStep/pause 400/playSound grassyStep/pause 400/playSound grassyStep/pause 400/playSound grassyStep/pause 400/playSound grassyStep/pause 400/playSound grassyStep/pause 400/stopAnimation Bear/fade/viewport -1000 -1000/pause 2000/message \"The bear left you with his special knowledge...\"/pause 1000/playSound reward/message \"Salmonberries and blackberries are now worth 3x the gold!\"/end"
            }   
        }
    ]
}